movie,type,word,minutes_in,word_lemma
Reservoir Dogs,word,dick,0.4,dick
Reservoir Dogs,word,dicks,0.43,dick
Reservoir Dogs,word,fucked,0.55,fuck
Reservoir Dogs,word,fucking,0.61,fuck
Reservoir Dogs,word,bullshit,0.61,bullshit
Reservoir Dogs,word,fuck,0.66,fuck
Reservoir Dogs,word,shit,0.9,shit
Reservoir Dogs,word,fuck,1.43,fuck
Reservoir Dogs,word,dicks,1.56,dick
Reservoir Dogs,word,fuck,1.66,fuck
Reservoir Dogs,word,dick,1.75,dick
Reservoir Dogs,word,dick,1.75,dick
Reservoir Dogs,word,dick,1.75,dick
Reservoir Dogs,word,dick,1.75,dick
Reservoir Dogs,word,dick,1.75,dick
Reservoir Dogs,word,dick,1.75,dick
Reservoir Dogs,word,dick,1.75,dick
Reservoir Dogs,word,dicks,1.75,dick
Reservoir Dogs,word,motherfucker,1.83,motherfucker
Reservoir Dogs,word,dick,1.96,dick
Reservoir Dogs,word,pussy,2.15,pussy
Reservoir Dogs,word,fucks,2.18,fuck
Reservoir Dogs,word,fuck,2.3,fuck
Reservoir Dogs,word,fucking,2.45,fuck
Reservoir Dogs,word,hell,2.48,hell
Reservoir Dogs,word,fucking,2.51,fuck
Reservoir Dogs,word,fucking,2.81,fuck
Reservoir Dogs,word,dick,2.86,dick
Reservoir Dogs,word,jap,2.93,jap
Reservoir Dogs,word,fuck,3.05,fuck
Reservoir Dogs,word,shit,3.2,shit
Reservoir Dogs,word,fucking,3.4,fuck
Reservoir Dogs,word,fucking,3.55,fuck
Reservoir Dogs,word,fucking,3.7,fuck
Reservoir Dogs,word,motherfucker,3.93,motherfucker
Reservoir Dogs,word,motherfucker,3.98,motherfucker
Reservoir Dogs,word,shit,4.35,shit
Reservoir Dogs,word,shit,4.76,shit
Reservoir Dogs,word,fucking,4.86,fuck
Reservoir Dogs,word,dick,5.25,dick
Reservoir Dogs,word,fucking,5.41,fuck
Reservoir Dogs,word,fucking,5.51,fuck
Reservoir Dogs,word,fucking,5.55,fuck
Reservoir Dogs,word,fucking,5.61,fuck
Reservoir Dogs,word,bullshit,6.23,bullshit
Reservoir Dogs,word,fuck,6.46,fuck
Reservoir Dogs,word,fucked,6.58,fuck
Reservoir Dogs,word,fucks,6.66,fuck
Reservoir Dogs,word,bullshit,6.81,bullshit
Reservoir Dogs,word,fucking,6.86,fuck
Reservoir Dogs,word,fucking,6.73,fuck
Reservoir Dogs,word,bastard,7.38,bastard
Reservoir Dogs,word,goddamn,7.41,goddamn
Reservoir Dogs,word,goddamn,7.58,goddamn
Reservoir Dogs,word,shit,9.63,shit
Reservoir Dogs,word,fucking,9.96,fuck
Reservoir Dogs,word,shit,10.01,shit
Reservoir Dogs,word,fucking,10.08,fuck
Reservoir Dogs,word,shit,10.26,shit
Reservoir Dogs,word,goddamn,11.13,goddamn
Reservoir Dogs,word,fucking,11.13,fuck
Reservoir Dogs,word,fucking,11.85,fuck
Reservoir Dogs,word,fucking,12.06,fuck
Reservoir Dogs,word,fucking,12.08,fuck
Reservoir Dogs,word,fucking,12.43,fuck
Reservoir Dogs,word,fucking,12.45,fuck
Reservoir Dogs,word,fucking,12.9,fuck
Reservoir Dogs,word,fucking,13.73,fuck
Reservoir Dogs,word,fuck,14.38,fuck
Reservoir Dogs,word,fucking,14.66,fuck
Reservoir Dogs,word,fucking,14.95,fuck
Reservoir Dogs,word,fucking,15.38,fuck
Reservoir Dogs,word,fucking,15.41,fuck
Reservoir Dogs,word,shit,15.45,shit
Reservoir Dogs,word,fuck,15.51,fuck
Reservoir Dogs,word,fuck,15.65,fuck
Reservoir Dogs,word,fucking,15.75,fuck
Reservoir Dogs,word,fucked,15.86,fuck
Reservoir Dogs,word,fucked,15.88,fuck
Reservoir Dogs,word,fucked,15.93,fuck
Reservoir Dogs,word,fuck,16.45,fuck
Reservoir Dogs,word,motherfuckers,16.6,motherfucker
Reservoir Dogs,word,fucking,16.65,fuck
Reservoir Dogs,word,fuck,16.75,fuck
Reservoir Dogs,word,fucking,16.86,fuck
Reservoir Dogs,word,fucking,17.56,fuck
Reservoir Dogs,word,fuck,17.63,fuck
Reservoir Dogs,word,fucking,17.75,fuck
Reservoir Dogs,word,fucking,17.95,fuck
Reservoir Dogs,word,fucking,18.0,fuck
Reservoir Dogs,word,shit,20.13,shit
Reservoir Dogs,word,fucking,20.16,fuck
Reservoir Dogs,word,fuck,20.68,fuck
Reservoir Dogs,word,fuck,20.73,fuck
Reservoir Dogs,word,fuck,20.93,fuck
Reservoir Dogs,word,fucking,20.96,fuck
Reservoir Dogs,word,asshole,20.98,asshole
Reservoir Dogs,word,fuck,21.0,fuck
Reservoir Dogs,word,fucking,21.01,fuck
Reservoir Dogs,word,fuck,21.2,fuck
Reservoir Dogs,word,fucking,22.18,fuck
Reservoir Dogs,word,fuck,22.21,fuck
Reservoir Dogs,word,motherfucker,22.46,motherfucker
Reservoir Dogs,word,fuck,22.6,fuck
Reservoir Dogs,word,goddamn,22.71,goddamn
Reservoir Dogs,word,ass,22.8,ass
Reservoir Dogs,word,fuck,23.0,fuck
Reservoir Dogs,word,fucking,23.2,fuck
Reservoir Dogs,word,assholes,23.35,asshole
Reservoir Dogs,word,fucking,24.01,fuck
Reservoir Dogs,word,fuck,24.05,fuck
Reservoir Dogs,word,fucking,24.6,fuck
Reservoir Dogs,word,fuck,24.66,fuck
Reservoir Dogs,word,fucking,24.76,fuck
Reservoir Dogs,word,fucking,25.13,fuck
Reservoir Dogs,word,shit,25.35,shit
Reservoir Dogs,word,fuck,25.45,fuck
Reservoir Dogs,word,fucking,25.75,fuck
Reservoir Dogs,word,bullshit,25.76,bullshit
Reservoir Dogs,word,fucking,26.01,fuck
Reservoir Dogs,word,fucking,26.06,fuck
Reservoir Dogs,word,fucking,26.16,fuck
Reservoir Dogs,word,fucking,26.26,fuck
Reservoir Dogs,word,hell,27.21,hell
Reservoir Dogs,word,shit,28.6,shit
Reservoir Dogs,word,fucking,28.6,fuck
Reservoir Dogs,word,fucking,28.83,fuck
Reservoir Dogs,word,shit,28.83,shit
Reservoir Dogs,word,shit,29.16,shit
Reservoir Dogs,word,hell,29.18,hell
Reservoir Dogs,word,fucking,31.13,fuck
Reservoir Dogs,word,fuck,31.5,fuck
Reservoir Dogs,word,fucking,31.6,fuck
Reservoir Dogs,word,fuck,31.8,fuck
Reservoir Dogs,word,fuck,31.81,fuck
Reservoir Dogs,word,fucking,31.88,fuck
Reservoir Dogs,word,hell,32.11,hell
Reservoir Dogs,word,fucking,32.43,fuck
Reservoir Dogs,word,fuck,32.55,fuck
Reservoir Dogs,word,fucking,32.58,fuck
Reservoir Dogs,word,shit,32.6,shit
Reservoir Dogs,word,fuck,32.63,fuck
Reservoir Dogs,word,fucking,32.7,fuck
Reservoir Dogs,word,shit,32.91,shit
Reservoir Dogs,word,asshole,33.76,asshole
Reservoir Dogs,word,shit,33.81,shit
Reservoir Dogs,word,fucking,33.9,fuck
Reservoir Dogs,word,fucking,34.3,fuck
Reservoir Dogs,word,fuck,34.38,fuck
Reservoir Dogs,word,fucking,34.46,fuck
Reservoir Dogs,word,fucking,34.56,fuck
Reservoir Dogs,word,fucking,34.6,fuck
Reservoir Dogs,word,fuck,34.71,fuck
Reservoir Dogs,word,fucking,34.75,fuck
Reservoir Dogs,word,fuck,34.85,fuck
Reservoir Dogs,word,asshole,34.98,asshole
Reservoir Dogs,word,assholes,35.48,asshole
Reservoir Dogs,word,fuck,35.5,fuck
Reservoir Dogs,word,fucking,35.6,fuck
Reservoir Dogs,word,fucking,35.61,fuck
Reservoir Dogs,word,n-word ,35.61,n-word 
Reservoir Dogs,word,n-word ,35.63,n-word 
Reservoir Dogs,word,fucking,35.71,fuck
Reservoir Dogs,word,fucking,35.83,fuck
Reservoir Dogs,word,fuck,35.88,fuck
Reservoir Dogs,word,asses,35.95,ass
Reservoir Dogs,word,fuck,36.01,fuck
Reservoir Dogs,word,shit,36.06,shit
Reservoir Dogs,word,fucking,36.11,fuck
Reservoir Dogs,word,fuck,37.41,fuck
Reservoir Dogs,word,fucking,37.48,fuck
Reservoir Dogs,word,fuck,37.91,fuck
Reservoir Dogs,word,fucking,39.06,fuck
Reservoir Dogs,word,asshole,39.06,asshole
Reservoir Dogs,word,fucking,39.18,fuck
Reservoir Dogs,word,hell,39.46,hell
Reservoir Dogs,word,hell,39.6,hell
Reservoir Dogs,word,bitch,39.88,bitch
Reservoir Dogs,word,fucking,40.13,fuck
Reservoir Dogs,word,ass,40.15,ass
Reservoir Dogs,word,ass,40.3,ass
Reservoir Dogs,word,fuckup,40.48,fuckup
Reservoir Dogs,word,shit,40.96,shit
Reservoir Dogs,word,fuck,41.25,fuck
Reservoir Dogs,word,bastard,41.3,bastard
Reservoir Dogs,word,fuck,41.31,fuck
Reservoir Dogs,word,fuck,41.43,fuck
Reservoir Dogs,word,fucking,41.75,fuck
Reservoir Dogs,word,ass,41.76,ass
Reservoir Dogs,word,bitch,41.85,bitch
Reservoir Dogs,word,fucking,41.93,fuck
Reservoir Dogs,word,n-word ,41.93,n-word 
Reservoir Dogs,word,ass,42.0,ass
Reservoir Dogs,word,fucking,42.03,fuck
Reservoir Dogs,word,bitch,42.11,bitch
Reservoir Dogs,word,bitch,42.13,bitch
Reservoir Dogs,word,shit,42.16,shit
Reservoir Dogs,word,fuck,42.55,fuck
Reservoir Dogs,word,motherfucker,42.56,motherfucker
Reservoir Dogs,word,fucker,42.6,fucker
Reservoir Dogs,word,shitty,42.66,shitty
Reservoir Dogs,word,asshead,42.86,asshead
Reservoir Dogs,word,fucking,43.06,fuck
Reservoir Dogs,word,fucking,43.31,fuck
Reservoir Dogs,word,shit,43.35,shit
Reservoir Dogs,word,fuck,42.7,fuck
Reservoir Dogs,word,fuck,42.71,fuck
Reservoir Dogs,word,shit,43.86,shit
Reservoir Dogs,word,fucking,44.0,fuck
Reservoir Dogs,word,shit,44.03,shit
Reservoir Dogs,word,fucked,44.65,fuck
Reservoir Dogs,word,fuck,44.9,fuck
Reservoir Dogs,word,fucking,45.26,fuck
Reservoir Dogs,word,damn,45.4,damn
Reservoir Dogs,word,fucking,46.48,fuck
Reservoir Dogs,word,fuck,46.53,fuck
Reservoir Dogs,word,fucking,46.65,fuck
Reservoir Dogs,word,fucking,46.66,fuck
Reservoir Dogs,word,fuck,47.5,fuck
Reservoir Dogs,word,fucking,47.51,fuck
Reservoir Dogs,word,fucking,47.55,fuck
Reservoir Dogs,word,fucking,47.7,fuck
Reservoir Dogs,word,fucking,47.71,fuck
Reservoir Dogs,word,fucking,47.73,fuck
Reservoir Dogs,word,fucking,47.75,fuck
Reservoir Dogs,word,fucking,47.8,fuck
Reservoir Dogs,word,fucking,47.88,fuck
Reservoir Dogs,word,shit,47.98,shit
Reservoir Dogs,word,fucking,48.08,fuck
Reservoir Dogs,word,bullshit,48.15,bullshit
Reservoir Dogs,word,fuck,48.16,fuck
Reservoir Dogs,word,fucking,48.25,fuck
Reservoir Dogs,word,fucking,48.26,fuck
Reservoir Dogs,word,hell,48.31,hell
Reservoir Dogs,word,fucking,48.38,fuck
Reservoir Dogs,word,fucking,48.48,fuck
Reservoir Dogs,word,assholes,48.48,asshole
Reservoir Dogs,word,asshole,48.51,asshole
Reservoir Dogs,word,fucking,48.55,fuck
Reservoir Dogs,word,fucking,48.56,fuck
Reservoir Dogs,word,fucking,48.58,fuck
Reservoir Dogs,word,fucking,48.61,fuck
Reservoir Dogs,word,fucking,48.78,fuck
Reservoir Dogs,word,fucking,48.98,fuck
Reservoir Dogs,word,fucking,49.06,fuck
Reservoir Dogs,word,fucking,49.15,fuck
Reservoir Dogs,word,bastard,49.61,bastard
Reservoir Dogs,word,fuck,49.68,fuck
Reservoir Dogs,word,fucking,49.7,fuck
Reservoir Dogs,word,goddamn,49.75,goddamn
Reservoir Dogs,word,fucking,49.8,fuck
Reservoir Dogs,word,fucking,49.9,fuck
Reservoir Dogs,word,fucking,49.98,fuck
Reservoir Dogs,word,fucking,50.51,fuck
Reservoir Dogs,word,bastard,50.68,bastard
Reservoir Dogs,word,fucking,50.76,fuck
Reservoir Dogs,word,motherfucker,50.91,motherfucker
Reservoir Dogs,word,fucking,51.08,fuck
Reservoir Dogs,word,fucking,51.36,fuck
Reservoir Dogs,word,fucking,51.51,fuck
Reservoir Dogs,word,fuck,51.88,fuck
Reservoir Dogs,word,fucking,51.98,fuck
Reservoir Dogs,word,fucking,53.28,fuck
Reservoir Dogs,word,shit,53.43,shit
Reservoir Dogs,word,bitch,53.93,bitch
Reservoir Dogs,word,bullshit,54.25,bullshit
Reservoir Dogs,word,fuck,54.3,fuck
Reservoir Dogs,word,fuck,56.73,fuck
Reservoir Dogs,death,,59.93,
Reservoir Dogs,word,shit,61.0,shit
Reservoir Dogs,word,shit,62.15,shit
Reservoir Dogs,word,fuck,62.28,fuck
Reservoir Dogs,word,fuck,62.83,fuck
Reservoir Dogs,word,fuck,62.91,fuck
Reservoir Dogs,word,fucking,62.95,fuck
Reservoir Dogs,word,bastard,62.95,bastard
Reservoir Dogs,word,fuck,63.15,fuck
Reservoir Dogs,word,fucking,63.21,fuck
Reservoir Dogs,word,fucking,63.26,fuck
Reservoir Dogs,word,fucking,63.3,fuck
Reservoir Dogs,word,fuck,63.33,fuck
Reservoir Dogs,word,fuck,63.35,fuck
Reservoir Dogs,word,fucking,63.38,fuck
Reservoir Dogs,word,fucking,62.41,fuck
Reservoir Dogs,word,pussy,63.81,pussy
Reservoir Dogs,word,fucking,63.91,fuck
Reservoir Dogs,word,motherfucker,64.31,motherfucker
Reservoir Dogs,word,ass,64.46,ass
Reservoir Dogs,word,goddamn,64.75,goddamn
Reservoir Dogs,word,fucking,64.76,fuck
Reservoir Dogs,word,motherfucker,65.15,motherfucker
Reservoir Dogs,word,ass,65.65,ass
Reservoir Dogs,word,damned,65.73,damn
Reservoir Dogs,word,motherfucker,65.76,motherfucker
Reservoir Dogs,word,ass,65.76,ass
Reservoir Dogs,word,fucking,66.05,fuck
Reservoir Dogs,word,fucking,66.35,fuck
Reservoir Dogs,word,fucking,66.36,fuck
Reservoir Dogs,word,fucking,66.46,fuck
Reservoir Dogs,word,fucking,66.5,fuck
Reservoir Dogs,word,ass,66.5,ass
Reservoir Dogs,word,hell,66.96,hell
Reservoir Dogs,word,bullshit,67.03,bullshit
Reservoir Dogs,word,fucking,67.21,fuck
Reservoir Dogs,word,fucking,67.28,fuck
Reservoir Dogs,word,shit,67.3,shit
Reservoir Dogs,word,fucking,67.48,fuck
Reservoir Dogs,word,shit,67.88,shit
Reservoir Dogs,word,motherfucker,68.01,motherfucker
Reservoir Dogs,word,fucking,68.66,fuck
Reservoir Dogs,word,fucking,69.25,fuck
Reservoir Dogs,word,fuck,69.28,fuck
Reservoir Dogs,word,shit,69.3,shit
Reservoir Dogs,word,bitch,69.31,bitch
Reservoir Dogs,word,shit,69.35,shit
Reservoir Dogs,word,ass,69.46,ass
Reservoir Dogs,word,fucking,69.48,fuck
Reservoir Dogs,word,fucking,69.51,fuck
Reservoir Dogs,word,fucking,69.53,fuck
Reservoir Dogs,word,motherfucker,69.61,motherfucker
Reservoir Dogs,word,shit,69.78,shit
Reservoir Dogs,word,fucking,69.86,fuck
Reservoir Dogs,word,ass,69.88,ass
Reservoir Dogs,word,fucking,70.06,fuck
Reservoir Dogs,word,fucking,71.63,fuck
Reservoir Dogs,word,fuck,71.95,fuck
Reservoir Dogs,word,fucking,72.16,fuck
Reservoir Dogs,word,fucking,72.4,fuck
Reservoir Dogs,word,asshole,72.58,asshole
Reservoir Dogs,word,fucking,72.61,fuck
Reservoir Dogs,word,fucking,72.95,fuck
Reservoir Dogs,word,bitch,73.05,bitch
Reservoir Dogs,word,fucking,73.28,fuck
Reservoir Dogs,word,fucking,73.36,fuck
Reservoir Dogs,word,shit,74.01,shit
Reservoir Dogs,word,shit,74.05,shit
Reservoir Dogs,word,bitch,74.4,bitch
Reservoir Dogs,word,shit,74.43,shit
Reservoir Dogs,word,motherfucker,74.5,motherfucker
Reservoir Dogs,word,pussy,76.13,pussy
Reservoir Dogs,word,shit,76.2,shit
Reservoir Dogs,word,fucking,76.28,fuck
Reservoir Dogs,word,fucking,76.3,fuck
Reservoir Dogs,word,bitch,77.05,bitch
Reservoir Dogs,word,bitch,77.06,bitch
Reservoir Dogs,word,fuck,77.13,fuck
Reservoir Dogs,word,n-word ,77.25,n-word 
Reservoir Dogs,word,shit,77.28,shit
Reservoir Dogs,word,n-word ,77.33,n-word 
Reservoir Dogs,word,ass,77.35,ass
Reservoir Dogs,word,bitches,77.36,bitch
Reservoir Dogs,word,fuck,77.4,fuck
Reservoir Dogs,word,fucking,78.01,fuck
Reservoir Dogs,word,fuck,78.55,fuck
Reservoir Dogs,word,fucking,78.6,fuck
Reservoir Dogs,word,wetback,78.95,wetback
Reservoir Dogs,word,shit,79.1,shit
Reservoir Dogs,word,fucking,79.11,fuck
Reservoir Dogs,word,shit,79.36,shit
Reservoir Dogs,word,fucking,79.4,fuck
Reservoir Dogs,word,dick,79.48,dick
Reservoir Dogs,word,dick,79.51,dick
Reservoir Dogs,word,fucking,79.83,fuck
Reservoir Dogs,word,fuck,80.18,fuck
Reservoir Dogs,word,bullshit,80.31,bullshit
Reservoir Dogs,word,fucking,80.46,fuck
Reservoir Dogs,word,hell,80.65,hell
Reservoir Dogs,word,faggot,81.65,faggot
Reservoir Dogs,word,shit,82.05,shit
Reservoir Dogs,word,pussy,82.08,pussy
Reservoir Dogs,word,goddamn,82.48,goddamn
Reservoir Dogs,word,fucking,82.5,fuck
Reservoir Dogs,word,fucking,82.73,fuck
Reservoir Dogs,word,goddamn,82.9,goddamn
Reservoir Dogs,word,goddamn,82.96,goddamn
Reservoir Dogs,word,ass,83.86,ass
Reservoir Dogs,word,fucking,84.16,fuck
Reservoir Dogs,word,shit,84.16,shit
Reservoir Dogs,word,bitch,84.21,bitch
Reservoir Dogs,word,fuck,84.3,fuck
Reservoir Dogs,word,fuck,84.4,fuck
Reservoir Dogs,word,bitch,84.5,bitch
Reservoir Dogs,word,fuck,85.08,fuck
Reservoir Dogs,word,fuck,85.28,fuck
Reservoir Dogs,word,fucking,85.45,fuck
Reservoir Dogs,death,,85.58,
Reservoir Dogs,death,,85.58,
Reservoir Dogs,death,,85.81,
Reservoir Dogs,word,fucking,86.48,fuck
Reservoir Dogs,death,,86.55,
Reservoir Dogs,word,fucking,86.86,fuck
Reservoir Dogs,word,shit,86.91,shit
Reservoir Dogs,word,fucking,86.96,fuck
Reservoir Dogs,word,shit,87.06,shit
Reservoir Dogs,word,fuck,87.73,fuck
Reservoir Dogs,death,,88.06,
Reservoir Dogs,word,hell,88.38,hell
Reservoir Dogs,word,shit,88.45,shit
Reservoir Dogs,word,fucking,88.76,fuck
Reservoir Dogs,word,fucking,89.38,fuck
Reservoir Dogs,word,fucking,89.45,fuck
Reservoir Dogs,word,fucking,89.48,fuck
Reservoir Dogs,word,fucking,89.95,fuck
Reservoir Dogs,word,hell,90.1,hell
Reservoir Dogs,word,bullshit,90.15,bullshit
Reservoir Dogs,word,hell,90.3,hell
Reservoir Dogs,word,fuck,90.36,fuck
Reservoir Dogs,word,shit,90.4,shit
Reservoir Dogs,word,fucking,90.5,fuck
Reservoir Dogs,word,fucking,90.75,fuck
Reservoir Dogs,word,shit,90.88,shit
Reservoir Dogs,word,cocksucker,90.91,cocksucker
Reservoir Dogs,word,fucking,91.15,fuck
Reservoir Dogs,word,fucking,91.35,fuck
Reservoir Dogs,word,fucking,91.48,fuck
Reservoir Dogs,word,fucking,91.75,fuck
Reservoir Dogs,word,fucking,91.96,fuck
Reservoir Dogs,word,fucking,92.01,fuck
Reservoir Dogs,word,goddamn,92.05,goddamn
Reservoir Dogs,word,fucking,92.13,fuck
Reservoir Dogs,death,,92.15,
Reservoir Dogs,death,,92.15,
Reservoir Dogs,word,fucking,94.73,fuck
Reservoir Dogs,word,fucking,94.75,fuck
Reservoir Dogs,word,fucking,94.83,fuck
Reservoir Dogs,word,fucking,94.9,fuck
Reservoir Dogs,word,fucking,95.21,fuck
Reservoir Dogs,word,fucking,95.33,fuck
Reservoir Dogs,word,fucking,95.33,fuck
Reservoir Dogs,death,,95.4,
Reservoir Dogs,death,,95.4,
Pulp Fiction,word,shit,0.52,shit
Pulp Fiction,word,fucking,0.82,fuck
Pulp Fiction,word,fuck,1.37,fuck
Pulp Fiction,word,fucking,1.62,fuck
Pulp Fiction,word,fucking,1.73,fuck
Pulp Fiction,word,fucking,1.77,fuck
Pulp Fiction,word,fucking,2.18,fuck
Pulp Fiction,word,fuck,2.22,fuck
Pulp Fiction,word,gook,2.28,gook
Pulp Fiction,word,fuckers,2.28,fucker
Pulp Fiction,word,gooks,2.42,gook
Pulp Fiction,word,fucking,2.45,fuck
Pulp Fiction,word,fucking,2.47,fuck
Pulp Fiction,word,fucking,2.53,fuck
Pulp Fiction,word,fuck,2.6,fuck
Pulp Fiction,word,fuck,3.52,fuck
Pulp Fiction,word,fucking,3.58,fuck
Pulp Fiction,word,wetback,3.67,wetback
Pulp Fiction,word,fuck,3.7,fuck
Pulp Fiction,word,fucking,4.68,fuck
Pulp Fiction,word,motherfucking,4.75,motherfucking
Pulp Fiction,word,fucking,7.7,fuck
Pulp Fiction,word,shit,7.87,shit
Pulp Fiction,word,fuck,8.25,fuck
Pulp Fiction,word,goddamn,8.67,goddamn
Pulp Fiction,word,fucking,8.72,fuck
Pulp Fiction,word,shit,8.72,shit
Pulp Fiction,word,fucking,9.1,fuck
Pulp Fiction,word,n-word ,10.08,n-word 
Pulp Fiction,word,fucked,10.17,fuck
Pulp Fiction,word,fuck,10.4,fuck
Pulp Fiction,word,ass,10.73,ass
Pulp Fiction,word,n-word ,10.75,n-word 
Pulp Fiction,word,n-word ,10.85,n-word 
Pulp Fiction,word,damn,10.98,damn
Pulp Fiction,word,pussy,11.52,pussy
Pulp Fiction,word,fucking,11.55,fuck
Pulp Fiction,word,bitch,11.6,bitch
Pulp Fiction,word,bitch,11.6,bitch
Pulp Fiction,word,fucking,11.63,fuck
Pulp Fiction,word,fucking,11.68,fuck
Pulp Fiction,word,fucking,11.83,fuck
Pulp Fiction,word,fucking,11.88,fuck
Pulp Fiction,word,shit,11.92,shit
Pulp Fiction,word,fucking,12.03,fuck
Pulp Fiction,word,shit,12.07,shit
Pulp Fiction,word,fuck,12.2,fuck
Pulp Fiction,word,fuck,12.27,fuck
Pulp Fiction,word,motherfucking,12.88,motherfucking
Pulp Fiction,word,fucking,12.9,fuck
Pulp Fiction,word,n-word ,12.92,n-word 
Pulp Fiction,word,shit,12.93,shit
Pulp Fiction,word,motherfucker,12.95,motherfucker
Pulp Fiction,word,shit,12.97,shit
Pulp Fiction,word,ass,12.98,ass
Pulp Fiction,word,motherfucker,13.0,motherfucker
Pulp Fiction,word,fucking,13.23,fuck
Pulp Fiction,word,fucking,13.33,fuck
Pulp Fiction,word,fucking,13.38,fuck
Pulp Fiction,word,fucking,13.43,fuck
Pulp Fiction,word,shit,13.47,shit
Pulp Fiction,word,motherfucker,16.78,motherfucker
Pulp Fiction,word,shit,17.4,shit
Pulp Fiction,word,goddamn,17.45,goddamn
Pulp Fiction,word,ass,18.38,ass
Pulp Fiction,word,shit,18.4,shit
Pulp Fiction,word,fucked,18.62,fuck
Pulp Fiction,death,,18.7,
Pulp Fiction,word,motherfucker,19.33,motherfucker
Pulp Fiction,word,motherfucker,19.57,motherfucker
Pulp Fiction,word,goddamn,19.58,goddamn
Pulp Fiction,word,bitch,19.7,bitch
Pulp Fiction,word,bitch,19.82,bitch
Pulp Fiction,word,fuck,19.85,fuck
Pulp Fiction,word,bitch,19.85,bitch
Pulp Fiction,word,fuck,19.95,fuck
Pulp Fiction,word,fucked,20.0,fuck
Pulp Fiction,death,,20.95,
Pulp Fiction,word,shit,21.32,shit
Pulp Fiction,word,motherfucker,21.42,motherfucker
Pulp Fiction,word,motherfucking,21.82,motherfucking
Pulp Fiction,word,ass,21.88,ass
Pulp Fiction,word,motherfuckers,22.03,motherfucker
Pulp Fiction,word,motherfuckers,22.08,motherfucker
Pulp Fiction,word,ass,22.1,ass
Pulp Fiction,word,n-word ,23.07,n-word 
Pulp Fiction,word,fucking,23.47,fuck
Pulp Fiction,word,fuck,23.52,fuck
Pulp Fiction,word,shit,23.7,shit
Pulp Fiction,word,ass,24.07,ass
Pulp Fiction,word,ass,24.23,ass
Pulp Fiction,word,asses,24.4,ass
Pulp Fiction,word,goddamn,24.45,goddamn
Pulp Fiction,word,n-word ,24.45,n-word 
Pulp Fiction,word,fucking,25.08,fuck
Pulp Fiction,word,goddamn,25.12,goddamn
Pulp Fiction,word,fucking,25.17,fuck
Pulp Fiction,word,fucking,25.28,fuck
Pulp Fiction,word,shit,25.33,shit
Pulp Fiction,word,fucking,25.37,fuck
Pulp Fiction,word,asshole,25.42,asshole
Pulp Fiction,word,n-word ,25.88,n-word 
Pulp Fiction,word,ass,25.92,ass
Pulp Fiction,word,shit,27.75,shit
Pulp Fiction,word,fucking,27.78,fuck
Pulp Fiction,word,n-word ,27.88,n-word 
Pulp Fiction,word,shit,27.98,shit
Pulp Fiction,word,shit,27.98,shit
Pulp Fiction,word,shit,28.03,shit
Pulp Fiction,word,shit,28.08,shit
Pulp Fiction,word,fucking,28.1,fuck
Pulp Fiction,word,fucking,28.22,fuck
Pulp Fiction,word,fucking,28.3,fuck
Pulp Fiction,word,shit,28.98,shit
Pulp Fiction,word,fucker,29.43,fucker
Pulp Fiction,word,fucking,29.47,fuck
Pulp Fiction,word,fucked,29.52,fuck
Pulp Fiction,word,dickless,29.63,dickless
Pulp Fiction,word,shit,29.65,shit
Pulp Fiction,word,fucked,29.67,fuck
Pulp Fiction,word,fucking,29.68,fuck
Pulp Fiction,word,asshole,29.82,asshole
Pulp Fiction,word,fucker,29.88,fucker
Pulp Fiction,word,chickenshit,29.92,chickenshit
Pulp Fiction,word,fucking,29.92,fuck
Pulp Fiction,word,fuck,29.97,fuck
Pulp Fiction,word,fuck,34.25,fuck
Pulp Fiction,word,hell,37.02,hell
Pulp Fiction,word,hell,37.03,hell
Pulp Fiction,word,goddamn,41.05,goddamn
Pulp Fiction,word,fucking,41.05,fuck
Pulp Fiction,word,fucking,41.12,fuck
Pulp Fiction,word,bullshit,41.9,bullshit
Pulp Fiction,word,fuck,42.1,fuck
Pulp Fiction,word,goddamn,42.98,goddamn
Pulp Fiction,word,goddamn,43.0,goddamn
Pulp Fiction,word,goddamn,43.03,goddamn
Pulp Fiction,word,fucking,54.58,fuck
Pulp Fiction,word,fuck,54.63,fuck
Pulp Fiction,word,fuck,54.67,fuck
Pulp Fiction,word,fuck,54.68,fuck
Pulp Fiction,word,fucking,54.97,fuck
Pulp Fiction,word,fuck,55.0,fuck
Pulp Fiction,word,fuck,55.48,fuck
Pulp Fiction,word,goddamn,55.75,goddamn
Pulp Fiction,word,fucking,55.83,fuck
Pulp Fiction,word,assholes,55.83,asshole
Pulp Fiction,word,fucking,55.93,fuck
Pulp Fiction,word,asshole,55.93,asshole
Pulp Fiction,word,fucking,56.1,fuck
Pulp Fiction,word,fucking,56.22,fuck
Pulp Fiction,word,fucking,56.28,fuck
Pulp Fiction,word,fucked,56.32,fuck
Pulp Fiction,word,fucking,56.38,fuck
Pulp Fiction,word,fucking,56.45,fuck
Pulp Fiction,word,fucking,56.53,fuck
Pulp Fiction,word,fucked,56.55,fuck
Pulp Fiction,word,fucking,56.55,fuck
Pulp Fiction,word,hell,56.92,hell
Pulp Fiction,word,fucking,56.98,fuck
Pulp Fiction,word,shit,57.02,shit
Pulp Fiction,word,fuck,57.03,fuck
Pulp Fiction,word,fucking,57.05,fuck
Pulp Fiction,word,fucked,57.12,fuck
Pulp Fiction,word,bitch,57.12,bitch
Pulp Fiction,word,fucked,57.17,fuck
Pulp Fiction,word,bitch,57.18,bitch
Pulp Fiction,word,fucking,57.25,fuck
Pulp Fiction,word,fucking,57.38,fuck
Pulp Fiction,word,shit,57.45,shit
Pulp Fiction,word,shit,57.57,shit
Pulp Fiction,word,goddamn,57.62,goddamn
Pulp Fiction,word,fuck,57.63,fuck
Pulp Fiction,word,hell,57.82,hell
Pulp Fiction,word,fucking,57.85,fuck
Pulp Fiction,word,fuck,57.85,fuck
Pulp Fiction,word,fuck,57.87,fuck
Pulp Fiction,word,fucking,57.88,fuck
Pulp Fiction,word,bitch,57.9,bitch
Pulp Fiction,word,fuck,57.98,fuck
Pulp Fiction,word,fucking,58.15,fuck
Pulp Fiction,word,fucking,58.48,fuck
Pulp Fiction,word,fuck,58.87,fuck
Pulp Fiction,word,fucking,58.88,fuck
Pulp Fiction,word,fucking,59.05,fuck
Pulp Fiction,word,fucking,59.27,fuck
Pulp Fiction,word,fuck,59.32,fuck
Pulp Fiction,word,bitch,59.65,bitch
Pulp Fiction,word,fucking,59.97,fuck
Pulp Fiction,word,fucking,60.15,fuck
Pulp Fiction,word,fucking,60.93,fuck
Pulp Fiction,word,hell,64.47,hell
Pulp Fiction,word,gooks,67.33,gook
Pulp Fiction,word,damned,67.5,damn
Pulp Fiction,word,slope,67.5,slope
Pulp Fiction,word,ass,67.6,ass
Pulp Fiction,word,ass,67.67,ass
Pulp Fiction,word,ass,67.78,ass
Pulp Fiction,word,ass,70.3,ass
Pulp Fiction,word,ass,70.38,ass
Pulp Fiction,word,goddamn,70.4,goddamn
Pulp Fiction,word,motherfucker,70.5,motherfucker
Pulp Fiction,word,n-word ,70.55,n-word 
Pulp Fiction,word,ass,70.6,ass
Pulp Fiction,word,shit,72.98,shit
Pulp Fiction,word,fuck,73.78,fuck
Pulp Fiction,word,fuck,73.92,fuck
Pulp Fiction,word,fucking,74.02,fuck
Pulp Fiction,word,fuck,74.12,fuck
Pulp Fiction,word,fuck,74.45,fuck
Pulp Fiction,word,goddamn,74.72,goddamn
Pulp Fiction,word,damn,77.47,damn
Pulp Fiction,word,fuckhead,80.7,fuckhead
Pulp Fiction,word,merde,82.75,merde
Pulp Fiction,word,fucking,84.95,fuck
Pulp Fiction,word,fuck,84.95,fuck
Pulp Fiction,word,fuck,85.28,fuck
Pulp Fiction,word,fucking,85.42,fuck
Pulp Fiction,word,shit,85.58,shit
Pulp Fiction,word,fucking,85.65,fuck
Pulp Fiction,word,fuck,85.78,fuck
Pulp Fiction,word,fuck,86.03,fuck
Pulp Fiction,word,fuck,86.03,fuck
Pulp Fiction,word,fuck,86.05,fuck
Pulp Fiction,word,motherfucker,86.07,motherfucker
Pulp Fiction,word,fuck,86.1,fuck
Pulp Fiction,word,fucking,86.15,fuck
Pulp Fiction,word,fucking,86.15,fuck
Pulp Fiction,word,fuck,86.8,fuck
Pulp Fiction,word,shit,88.03,shit
Pulp Fiction,word,fucking,88.05,fuck
Pulp Fiction,word,fucking,88.07,fuck
Pulp Fiction,death,,91.75,
Pulp Fiction,word,motherfucker,94.7,motherfucker
Pulp Fiction,word,damned,95.35,damn
Pulp Fiction,word,fuck,96.08,fuck
Pulp Fiction,word,motherfucker,96.2,motherfucker
Pulp Fiction,word,fucking,96.32,fuck
Pulp Fiction,word,shit,96.33,shit
Pulp Fiction,word,motherfucking,96.45,motherfucking
Pulp Fiction,word,goddamn,96.5,goddamn
Pulp Fiction,word,n-word ,96.78,n-word 
Pulp Fiction,word,n-word ,100.53,n-word 
Pulp Fiction,word,goddamn,102.35,goddamn
Pulp Fiction,word,goddamn,102.38,goddamn
Pulp Fiction,word,fucker,102.63,fucker
Pulp Fiction,word,motherfucker,102.67,motherfucker
Pulp Fiction,word,motherfucker,103.35,motherfucker
Pulp Fiction,word,fuck,103.93,fuck
Pulp Fiction,word,fuck,104.88,fuck
Pulp Fiction,word,fuck,104.95,fuck
Pulp Fiction,death,,105.45,
Pulp Fiction,word,fuck,106.4,fuck
Pulp Fiction,word,fucking,106.62,fuck
Pulp Fiction,word,n-word ,107.08,n-word 
Pulp Fiction,word,damn,107.33,damn
Pulp Fiction,word,ass,107.37,ass
Pulp Fiction,word,ass,108.22,ass
Pulp Fiction,word,ass,108.73,ass
Pulp Fiction,word,shit,109.97,shit
Pulp Fiction,word,fuck,110.0,fuck
Pulp Fiction,word,fucking,110.7,fuck
Pulp Fiction,word,fucking,111.15,fuck
Pulp Fiction,word,fuck,111.73,fuck
Pulp Fiction,word,fucked,111.78,fuck
Pulp Fiction,death,,112.73,
Pulp Fiction,word,fucked,112.87,fuck
Pulp Fiction,word,fucked,112.87,fuck
Pulp Fiction,word,fuck,112.88,fuck
Pulp Fiction,word,goddamn,112.95,goddamn
Pulp Fiction,word,damn,112.97,damn
Pulp Fiction,word,fuck,112.98,fuck
Pulp Fiction,word,shit,113.08,shit
Pulp Fiction,word,motherfuckers,113.13,motherfucker
Pulp Fiction,death,,113.37,
Pulp Fiction,word,fuck,113.65,fuck
Pulp Fiction,word,goddamn,113.75,goddamn
Pulp Fiction,word,fucking,113.93,fuck
Pulp Fiction,word,shit,114.03,shit
Pulp Fiction,word,motherfucking,114.43,motherfucking
Pulp Fiction,word,fucking,114.52,fuck
Pulp Fiction,word,shit,114.53,shit
Pulp Fiction,word,fucking,114.57,fuck
Pulp Fiction,word,shit,114.6,shit
Pulp Fiction,word,shit,114.63,shit
Pulp Fiction,word,fucking,114.75,fuck
Pulp Fiction,word,fucking,114.85,fuck
Pulp Fiction,word,n-word ,115.08,n-word 
Pulp Fiction,word,shit,115.12,shit
Pulp Fiction,word,fucking,115.53,fuck
Pulp Fiction,word,fuck,115.55,fuck
Pulp Fiction,word,ass,115.63,ass
Pulp Fiction,word,goddamn,115.68,goddamn
Pulp Fiction,word,fucking,115.72,fuck
Pulp Fiction,word,ass,115.87,ass
Pulp Fiction,word,damn,115.88,damn
Pulp Fiction,death,,116.08,
Pulp Fiction,word,fuck,116.1,fuck
Pulp Fiction,word,shit,116.12,shit
Pulp Fiction,word,fuck,116.17,fuck
Pulp Fiction,word,ass,116.23,ass
Pulp Fiction,word,shit,116.23,shit
Pulp Fiction,word,motherfucking,116.33,motherfucking
Pulp Fiction,word,bitch,116.38,bitch
Pulp Fiction,word,fucking,116.42,fuck
Pulp Fiction,word,motherfucker,116.5,motherfucker
Pulp Fiction,word,shit,116.55,shit
Pulp Fiction,word,fucking,116.57,fuck
Pulp Fiction,word,fucking,116.67,fuck
Pulp Fiction,word,shit,116.7,shit
Pulp Fiction,word,ass,116.83,ass
Pulp Fiction,word,fuck,116.85,fuck
Pulp Fiction,word,fucking,117.02,fuck
Pulp Fiction,word,shit,117.02,shit
Pulp Fiction,word,fucking,117.13,fuck
Pulp Fiction,word,asses,117.18,ass
Pulp Fiction,word,shit,117.52,shit
Pulp Fiction,word,shit,117.53,shit
Pulp Fiction,word,shit,117.6,shit
Pulp Fiction,word,ass,117.63,ass
Pulp Fiction,word,fuck,117.65,fuck
Pulp Fiction,word,n-word ,117.65,n-word 
Pulp Fiction,word,fuck,117.67,fuck
Pulp Fiction,word,shit,117.78,shit
Pulp Fiction,word,fucking,117.87,fuck
Pulp Fiction,word,goddamn,117.9,goddamn
Pulp Fiction,word,shit,117.98,shit
Pulp Fiction,word,goddamn,118.4,goddamn
Pulp Fiction,word,shit,118.45,shit
Pulp Fiction,word,shit,118.58,shit
Pulp Fiction,word,fucking,118.68,fuck
Pulp Fiction,word,shit,118.77,shit
Pulp Fiction,word,n-word ,118.92,n-word 
Pulp Fiction,word,n-word ,119.07,n-word 
Pulp Fiction,word,shit,119.12,shit
Pulp Fiction,word,n-word ,119.17,n-word 
Pulp Fiction,word,n-word ,119.3,n-word 
Pulp Fiction,word,fucking,119.32,fuck
Pulp Fiction,word,motherfucker,119.37,motherfucker
Pulp Fiction,word,fucking,119.4,fuck
Pulp Fiction,word,fucking,119.52,fuck
Pulp Fiction,word,fucking,119.57,fuck
Pulp Fiction,word,fucking,119.72,fuck
Pulp Fiction,word,fucking,119.77,fuck
Pulp Fiction,word,fuck,120.12,fuck
Pulp Fiction,word,fuck,120.18,fuck
Pulp Fiction,word,shit,120.18,shit
Pulp Fiction,word,fuck,120.25,fuck
Pulp Fiction,word,shit,120.25,shit
Pulp Fiction,word,fucking,120.27,fuck
Pulp Fiction,word,shit,120.27,shit
Pulp Fiction,word,fuck,120.3,fuck
Pulp Fiction,word,shit,120.3,shit
Pulp Fiction,word,fucking,120.55,fuck
Pulp Fiction,word,shit,120.55,shit
Pulp Fiction,word,shit,120.83,shit
Pulp Fiction,word,motherfucking,121.03,motherfucking
Pulp Fiction,word,ass,121.07,ass
Pulp Fiction,word,motherfucker,121.12,motherfucker
Pulp Fiction,word,n-word ,121.13,n-word 
Pulp Fiction,word,motherfucker,121.27,motherfucker
Pulp Fiction,word,n-word ,121.32,n-word 
Pulp Fiction,word,motherfucker,121.45,motherfucker
Pulp Fiction,word,shit,121.47,shit
Pulp Fiction,word,motherfucker,123.85,motherfucker
Pulp Fiction,word,fucking,125.57,fuck
Pulp Fiction,word,fucking,126.0,fuck
Pulp Fiction,word,ass,128.0,ass
Pulp Fiction,word,shit,128.0,shit
Pulp Fiction,word,fucked,128.03,fuck
Pulp Fiction,word,shit,128.03,shit
Pulp Fiction,word,fuck,128.17,fuck
Pulp Fiction,word,shit,128.18,shit
Pulp Fiction,word,motherfucker,128.2,motherfucker
Pulp Fiction,word,shit,128.22,shit
Pulp Fiction,word,ass,128.27,ass
Pulp Fiction,word,fucking,128.35,fuck
Pulp Fiction,word,fucking,128.4,fuck
Pulp Fiction,word,fucking,128.43,fuck
Pulp Fiction,word,motherfucker,128.53,motherfucker
Pulp Fiction,word,motherfucker,128.53,motherfucker
Pulp Fiction,word,fuck,128.67,fuck
Pulp Fiction,word,motherfucker,128.68,motherfucker
Pulp Fiction,word,fucking,128.73,fuck
Pulp Fiction,word,n-word ,128.78,n-word 
Pulp Fiction,word,dicks,129.12,dick
Pulp Fiction,word,shit,129.52,shit
Pulp Fiction,word,ass,129.33,ass
Pulp Fiction,word,goddamn,129.5,goddamn
Pulp Fiction,word,shit,129.83,shit
Pulp Fiction,word,goddamn,130.08,goddamn
Pulp Fiction,word,fucking,130.1,fuck
Pulp Fiction,word,fuck,130.22,fuck
Pulp Fiction,word,fuck,130.22,fuck
Pulp Fiction,word,damn,130.25,damn
Pulp Fiction,word,goddamn,130.3,goddamn
Pulp Fiction,word,motherfucker,130.9,motherfucker
Pulp Fiction,word,fucking,131.5,fuck
Pulp Fiction,word,shit,131.57,shit
Pulp Fiction,word,fucking,131.85,fuck
Pulp Fiction,word,fucking,133.48,fuck
Pulp Fiction,word,fucking,133.55,fuck
Pulp Fiction,word,fucking,133.63,fuck
Pulp Fiction,word,motherfuckers,134.0,motherfucker
Pulp Fiction,word,shit,134.05,shit
Pulp Fiction,word,motherfucking,134.55,motherfucking
Pulp Fiction,word,shit,134.85,shit
Pulp Fiction,word,shit,135.35,shit
Pulp Fiction,word,shit,135.38,shit
Pulp Fiction,word,fucking,135.47,fuck
Pulp Fiction,word,shit,135.48,shit
Pulp Fiction,word,fucking,135.77,fuck
Pulp Fiction,word,fuck,135.93,fuck
Pulp Fiction,word,shit,136.6,shit
Pulp Fiction,word,fucking,136.8,fuck
Pulp Fiction,word,fucking,137.05,fuck
Pulp Fiction,word,shit,137.22,shit
Pulp Fiction,word,fuck,137.57,fuck
Pulp Fiction,word,fucking,137.93,fuck
Pulp Fiction,word,motherfuckers,138.0,motherfucker
Pulp Fiction,word,fuck,138.1,fuck
Pulp Fiction,word,fucking,138.22,fuck
Pulp Fiction,word,fuck,138.23,fuck
Pulp Fiction,word,fuck,138.28,fuck
Pulp Fiction,word,fucking,138.3,fuck
Pulp Fiction,word,fucking,138.33,fuck
Pulp Fiction,word,fucking,138.37,fuck
Pulp Fiction,word,fuck,138.43,fuck
Pulp Fiction,word,fucking,138.48,fuck
Pulp Fiction,word,fucking,138.65,fuck
Pulp Fiction,word,fucking,138.68,fuck
Pulp Fiction,word,fuck,138.87,fuck
Pulp Fiction,word,fucking,139.0,fuck
Pulp Fiction,word,fuck,139.23,fuck
Pulp Fiction,word,fucking,139.53,fuck
Pulp Fiction,word,fucking,139.6,fuck
Pulp Fiction,word,fucking,139.75,fuck
Pulp Fiction,word,fucking,139.85,fuck
Pulp Fiction,word,fucking,139.97,fuck
Pulp Fiction,word,fuck,140.05,fuck
Pulp Fiction,word,shit,140.72,shit
Pulp Fiction,word,fucking,141.05,fuck
Pulp Fiction,word,fuck,141.15,fuck
Pulp Fiction,word,goddamn,141.18,goddamn
Pulp Fiction,word,fucking,141.43,fuck
Pulp Fiction,word,goddamn,142.23,goddamn
Pulp Fiction,word,bitch,142.37,bitch
Pulp Fiction,word,bitch,142.4,bitch
Pulp Fiction,word,bitch,142.42,bitch
Pulp Fiction,word,fucking,142.45,fuck
Pulp Fiction,word,bitch,142.45,bitch
Pulp Fiction,word,fucking,142.5,fuck
Pulp Fiction,word,bitch,142.5,bitch
Pulp Fiction,word,motherfuckers,143.77,motherfucker
Pulp Fiction,word,motherfuckers,143.8,motherfucker
Pulp Fiction,word,asses,144.25,ass
Pulp Fiction,word,fucking,144.27,fuck
Pulp Fiction,word,shit,144.3,shit
Pulp Fiction,word,shit,144.48,shit
Pulp Fiction,word,ass,144.53,ass
Pulp Fiction,word,goddamn,144.82,goddamn
Pulp Fiction,word,motherfucker,145.38,motherfucker
Pulp Fiction,word,motherfucker,145.68,motherfucker
Pulp Fiction,word,fucking,146.23,fuck
Pulp Fiction,word,goddamn,146.3,goddamn
Pulp Fiction,word,motherfucking,146.32,motherfucking
Pulp Fiction,word,fuck,146.35,fuck
Pulp Fiction,word,ass,146.67,ass
Pulp Fiction,word,shit,147.43,shit
Pulp Fiction,word,ass,147.48,ass
Pulp Fiction,word,shit,147.58,shit
Pulp Fiction,word,motherfucker,147.6,motherfucker
Pulp Fiction,word,ass,147.62,ass
Pulp Fiction,word,shit,147.65,shit
Pulp Fiction,word,ass,147.9,ass
Pulp Fiction,word,shit,148.15,shit
Kill Bill: Vol. 1,word,bitch,7.12,bitch
Kill Bill: Vol. 1,word,ass,8.1,ass
Kill Bill: Vol. 1,word,damn,8.12,damn
Kill Bill: Vol. 1,word,bitch,10.45,bitch
Kill Bill: Vol. 1,word,shit,10.5,shit
Kill Bill: Vol. 1,word,fucked,10.95,fuck
Kill Bill: Vol. 1,word,fucked,10.98,fuck
Kill Bill: Vol. 1,word,bitch,11.87,bitch
Kill Bill: Vol. 1,word,goddamn,12.17,goddamn
Kill Bill: Vol. 1,word,fucking,12.17,fuck
Kill Bill: Vol. 1,word,bitch,12.48,bitch
Kill Bill: Vol. 1,word,fuck,13.07,fuck
Kill Bill: Vol. 1,word,bitch,13.08,bitch
Kill Bill: Vol. 1,word,shit,13.13,shit
Kill Bill: Vol. 1,word,motherfucking,13.18,motherfucking
Kill Bill: Vol. 1,word,ass,13.18,ass
Kill Bill: Vol. 1,word,motherfucking,13.28,motherfucking
Kill Bill: Vol. 1,word,bitch,13.42,bitch
Kill Bill: Vol. 1,death,,13.53,
Kill Bill: Vol. 1,word,goddamn,17.2,goddamn
Kill Bill: Vol. 1,word,hell,17.58,hell
Kill Bill: Vol. 1,word,goddamn,18.02,goddamn
Kill Bill: Vol. 1,word,shit,18.07,shit
Kill Bill: Vol. 1,word,goddamn,19.32,goddamn
Kill Bill: Vol. 1,word,cocksucker,19.73,cocksucker
Kill Bill: Vol. 1,word,fuck,22.93,fuck
Kill Bill: Vol. 1,word,shit,23.4,shit
Kill Bill: Vol. 1,word,shit,23.45,shit
Kill Bill: Vol. 1,word,fucking,25.02,fuck
Kill Bill: Vol. 1,word,shithead,25.12,shithead
Kill Bill: Vol. 1,word,fuck,28.03,fuck
Kill Bill: Vol. 1,word,cunt,28.43,cunt
Kill Bill: Vol. 1,word,shit,28.88,shit
Kill Bill: Vol. 1,word,goddamn,29.37,goddamn
Kill Bill: Vol. 1,death,,29.75,
Kill Bill: Vol. 1,word,bullshit,31.07,bullshit
Kill Bill: Vol. 1,word,shit,31.32,shit
Kill Bill: Vol. 1,word,fuck,31.42,fuck
Kill Bill: Vol. 1,word,fuck,31.6,fuck
Kill Bill: Vol. 1,death,,31.68,
Kill Bill: Vol. 1,word,pussy,32.12,pussy
Kill Bill: Vol. 1,word,fucker,32.15,fucker
Kill Bill: Vol. 1,word,cunts,35.15,cunt
Kill Bill: Vol. 1,word,dicks,35.22,dick
Kill Bill: Vol. 1,death,,37.65,
Kill Bill: Vol. 1,death,,39.57,
Kill Bill: Vol. 1,death,,41.03,
Kill Bill: Vol. 1,death,,42.57,
Kill Bill: Vol. 1,death,,42.77,
Kill Bill: Vol. 1,death,,43.48,
Kill Bill: Vol. 1,word,shit,46.45,shit
Kill Bill: Vol. 1,word,bastard,46.47,bastard
Kill Bill: Vol. 1,word,ass,46.63,ass
Kill Bill: Vol. 1,word,goddamn,47.97,goddamn
Kill Bill: Vol. 1,word,hell,48.03,hell
Kill Bill: Vol. 1,word,damn,48.6,damn
Kill Bill: Vol. 1,death,,60.57,
Kill Bill: Vol. 1,word,bastard,62.33,bastard
Kill Bill: Vol. 1,word,fuckface,62.35,fuckface
Kill Bill: Vol. 1,word,bitch,62.87,bitch
Kill Bill: Vol. 1,death,,62.97,
Kill Bill: Vol. 1,word,fucking,64.2,fuck
Kill Bill: Vol. 1,word,fucker,64.23,fucker
Kill Bill: Vol. 1,word,bitches,64.32,bitch
Kill Bill: Vol. 1,word,fucking,64.38,fuck
Kill Bill: Vol. 1,word,goddamn,73.48,goddamn
Kill Bill: Vol. 1,death,,75.77,
Kill Bill: Vol. 1,death,,76.02,
Kill Bill: Vol. 1,death,,76.02,
Kill Bill: Vol. 1,death,,76.02,
Kill Bill: Vol. 1,death,,76.48,
Kill Bill: Vol. 1,death,,77.02,
Kill Bill: Vol. 1,death,,80.32,
Kill Bill: Vol. 1,death,,82.95,
Kill Bill: Vol. 1,death,,82.98,
Kill Bill: Vol. 1,death,,83.0,
Kill Bill: Vol. 1,death,,83.03,
Kill Bill: Vol. 1,death,,83.05,
Kill Bill: Vol. 1,death,,83.05,
Kill Bill: Vol. 1,death,,83.05,
Kill Bill: Vol. 1,death,,83.08,
Kill Bill: Vol. 1,death,,83.12,
Kill Bill: Vol. 1,death,,83.18,
Kill Bill: Vol. 1,death,,83.38,
Kill Bill: Vol. 1,death,,83.42,
Kill Bill: Vol. 1,death,,83.48,
Kill Bill: Vol. 1,death,,83.65,
Kill Bill: Vol. 1,death,,83.72,
Kill Bill: Vol. 1,death,,83.83,
Kill Bill: Vol. 1,death,,83.88,
Kill Bill: Vol. 1,death,,83.93,
Kill Bill: Vol. 1,death,,84.05,
Kill Bill: Vol. 1,death,,84.18,
Kill Bill: Vol. 1,death,,84.23,
Kill Bill: Vol. 1,death,,84.27,
Kill Bill: Vol. 1,death,,84.58,
Kill Bill: Vol. 1,death,,84.92,
Kill Bill: Vol. 1,death,,84.92,
Kill Bill: Vol. 1,death,,85.0,
Kill Bill: Vol. 1,death,,85.08,
Kill Bill: Vol. 1,death,,85.1,
Kill Bill: Vol. 1,death,,85.2,
Kill Bill: Vol. 1,death,,85.25,
Kill Bill: Vol. 1,death,,85.25,
Kill Bill: Vol. 1,death,,85.28,
Kill Bill: Vol. 1,death,,85.38,
Kill Bill: Vol. 1,death,,85.47,
Kill Bill: Vol. 1,death,,85.98,
Kill Bill: Vol. 1,death,,86.05,
Kill Bill: Vol. 1,death,,86.15,
Kill Bill: Vol. 1,death,,86.2,
Kill Bill: Vol. 1,death,,86.27,
Kill Bill: Vol. 1,death,,86.35,
Kill Bill: Vol. 1,death,,86.4,
Kill Bill: Vol. 1,death,,87.52,
Kill Bill: Vol. 1,death,,87.63,
Kill Bill: Vol. 1,word,fucking,88.18,fuck
Kill Bill: Vol. 1,death,,88.95,
Kill Bill: Vol. 1,death,,97.6,
Kill Bill: Vol. 1,word,hell,100.1,hell
Kill Bill: Vol. 2,word,hell,1.18,hell
Kill Bill: Vol. 2,word,bitch,4.83,bitch
Kill Bill: Vol. 2,word,ass,9.02,ass
Kill Bill: Vol. 2,word,cockblockery,9.62,cockblockery
Kill Bill: Vol. 2,word,goddamn,11.38,goddamn
Kill Bill: Vol. 2,word,damn,12.82,damn
Kill Bill: Vol. 2,death,,14.38,
Kill Bill: Vol. 2,death,,14.38,
Kill Bill: Vol. 2,death,,14.38,
Kill Bill: Vol. 2,death,,14.38,
Kill Bill: Vol. 2,death,,14.38,
Kill Bill: Vol. 2,death,,14.38,
Kill Bill: Vol. 2,death,,14.38,
Kill Bill: Vol. 2,death,,14.38,
Kill Bill: Vol. 2,death,,14.38,
Kill Bill: Vol. 2,word,japs,15.53,jap
Kill Bill: Vol. 2,word,jew (verb),17.33,jew (verb)
Kill Bill: Vol. 2,word,fucking,18.7,fuck
Kill Bill: Vol. 2,word,ass,18.72,ass
Kill Bill: Vol. 2,word,fucking,19.37,fuck
Kill Bill: Vol. 2,word,asshole,20.17,asshole
Kill Bill: Vol. 2,word,fucking,20.3,fuck
Kill Bill: Vol. 2,word,fucking,20.57,fuck
Kill Bill: Vol. 2,word,fucking,20.98,fuck
Kill Bill: Vol. 2,word,fucking,21.37,fuck
Kill Bill: Vol. 2,word,fucking,21.42,fuck
Kill Bill: Vol. 2,word,fucking,21.52,fuck
Kill Bill: Vol. 2,word,shit,21.8,shit
Kill Bill: Vol. 2,word,shitty,22.5,shitty
Kill Bill: Vol. 2,word,ass,26.62,ass
Kill Bill: Vol. 2,word,shit,27.03,shit
Kill Bill: Vol. 2,word,bitch,28.93,bitch
Kill Bill: Vol. 2,word,ass,29.92,ass
Kill Bill: Vol. 2,word,damn,30.47,damn
Kill Bill: Vol. 2,word,bitch,33.02,bitch
Kill Bill: Vol. 2,word,pussy,33.15,pussy
Kill Bill: Vol. 2,word,pussy,33.23,pussy
Kill Bill: Vol. 2,word,ass,34.6,ass
Kill Bill: Vol. 2,word,goddamn,34.7,goddamn
Kill Bill: Vol. 2,word,fucking,34.77,fuck
Kill Bill: Vol. 2,word,bastards,44.12,bastard
Kill Bill: Vol. 2,word,fucker,44.65,fucker
Kill Bill: Vol. 2,word,ass,47.13,ass
Kill Bill: Vol. 2,word,goddamn,49.2,goddamn
Kill Bill: Vol. 2,word,japs,49.2,jap
Kill Bill: Vol. 2,word,goddamn,50.93,goddamn
Kill Bill: Vol. 2,word,fucked,65.67,fuck
Kill Bill: Vol. 2,word,horeshit,68.4,horeshit
Kill Bill: Vol. 2,word,shit,72.45,shit
Kill Bill: Vol. 2,death,,72.67,
Kill Bill: Vol. 2,word,bitch,78.9,bitch
Kill Bill: Vol. 2,word,fucking,79.88,fuck
Kill Bill: Vol. 2,word,bitch,79.88,bitch
Kill Bill: Vol. 2,word,fucking,79.93,fuck
Kill Bill: Vol. 2,word,fuck,79.93,fuck
Kill Bill: Vol. 2,word,fucking,80.28,fuck
Kill Bill: Vol. 2,word,fucking,80.63,fuck
Kill Bill: Vol. 2,word,shit,80.75,shit
Kill Bill: Vol. 2,word,pussy,85.35,pussy
Kill Bill: Vol. 2,word,pussy,85.4,pussy
Kill Bill: Vol. 2,word,fucking,102.12,fuck
Kill Bill: Vol. 2,word,goddamn,103.23,goddamn
Kill Bill: Vol. 2,word,fuck,103.28,fuck
Kill Bill: Vol. 2,word,shit,104.63,shit
Kill Bill: Vol. 2,word,ass,107.43,ass
Kill Bill: Vol. 2,word,fuck,110.23,fuck
Kill Bill: Vol. 2,word,fucking,110.93,fuck
Kill Bill: Vol. 2,word,bitch,110.97,bitch
Kill Bill: Vol. 2,word,fucking,111.05,fuck
Kill Bill: Vol. 2,word,bullshit,111.58,bullshit
Kill Bill: Vol. 2,word,shitless,111.92,shitless
Kill Bill: Vol. 2,word,fucking,112.52,fuck
Kill Bill: Vol. 2,word,shit,112.52,shit
Kill Bill: Vol. 2,word,fucking,116.28,fuck
Kill Bill: Vol. 2,word,assholes,116.28,asshole
Kill Bill: Vol. 2,word,fucking,116.57,fuck
Kill Bill: Vol. 2,word,bastard,117.25,bastard
Kill Bill: Vol. 2,word,bastard,117.35,bastard
Kill Bill: Vol. 2,word,cunt,119.58,cunt
Kill Bill: Vol. 2,death,,121.12,
Inglorious Basterds,death,,20.35,
Inglorious Basterds,death,,20.35,
Inglorious Basterds,death,,20.35,
Inglorious Basterds,death,,20.35,
Inglorious Basterds,word,hell,22.2,hell
Inglorious Basterds,word,goddamn,22.22,goddamn
Inglorious Basterds,word,fucking,22.32,fuck
Inglorious Basterds,word,bitch,22.55,bitch
Inglorious Basterds,death,,28.57,
Inglorious Basterds,death,,28.63,
Inglorious Basterds,death,,28.8,
Inglorious Basterds,death,,29.07,
Inglorious Basterds,death,,29.22,
Inglorious Basterds,death,,29.23,
Inglorious Basterds,death,,29.25,
Inglorious Basterds,death,,29.93,
Inglorious Basterds,word,fucking,30.93,fuck
Inglorious Basterds,word,goddamn,31.05,goddamn
Inglorious Basterds,word,goddamn,32.52,goddamn
Inglorious Basterds,word,ass,32.65,ass
Inglorious Basterds,word,fuck,32.97,fuck
Inglorious Basterds,death,,34.77,
Inglorious Basterds,word,shitting,34.9,shit
Inglorious Basterds,word,fucking,34.97,fuck
Inglorious Basterds,word,fucking,35.05,fuck
Inglorious Basterds,word,fucking,35.1,fuck
Inglorious Basterds,death,,35.17,
Inglorious Basterds,word,damn,35.2,damn
Inglorious Basterds,word,fuck,35.3,fuck
Inglorious Basterds,word,ass,48.17,ass
Inglorious Basterds,word,negro ,48.68,negro 
Inglorious Basterds,word,shit,51.48,shit
Inglorious Basterds,word,hell,52.55,hell
Inglorious Basterds,word,negro ,58.43,negro 
Inglorious Basterds,word,negro ,59.38,negro 
Inglorious Basterds,word,negro ,59.57,negro 
Inglorious Basterds,word,fuck,61.83,fuck
Inglorious Basterds,word,goddamn,69.48,goddamn
Inglorious Basterds,word,fucking,69.5,fuck
Inglorious Basterds,word,squaw,73.0,squaw
Inglorious Basterds,word,ass,75.83,ass
Inglorious Basterds,word,negro ,86.97,negro 
Inglorious Basterds,word,slut,90.53,slut
Inglorious Basterds,word,hell,92.03,hell
Inglorious Basterds,word,damn,92.27,damn
Inglorious Basterds,death,,92.68,
Inglorious Basterds,death,,92.68,
Inglorious Basterds,death,,92.7,
Inglorious Basterds,death,,92.72,
Inglorious Basterds,death,,92.73,
Inglorious Basterds,death,,92.75,
Inglorious Basterds,death,,92.77,
Inglorious Basterds,death,,92.83,
Inglorious Basterds,death,,92.87,
Inglorious Basterds,death,,92.87,
Inglorious Basterds,word,fucking,96.87,fuck
Inglorious Basterds,death,,96.95,
Inglorious Basterds,word,goddamn,97.12,goddamn
Inglorious Basterds,word,fuck,97.53,fuck
Inglorious Basterds,word,hell,100.97,hell
Inglorious Basterds,word,damn,101.0,damn
Inglorious Basterds,word,fuck,101.82,fuck
Inglorious Basterds,word,ass,102.68,ass
Inglorious Basterds,word,shit,103.4,shit
Inglorious Basterds,word,fucking,103.82,fuck
Inglorious Basterds,death,,104.6,
Inglorious Basterds,death,,104.6,
Inglorious Basterds,death,,104.6,
Inglorious Basterds,death,,104.6,
Inglorious Basterds,word,fucker,107.77,fucker
Inglorious Basterds,word,fuck,107.82,fuck
Inglorious Basterds,word,ass,111.43,ass
Inglorious Basterds,death,,121.13,
Inglorious Basterds,word,fucking,121.53,fuck
Inglorious Basterds,word,shithead,121.53,shithead
Inglorious Basterds,word,fuck,121.55,fuck
Inglorious Basterds,word,fuck,121.57,fuck
Inglorious Basterds,word,shithead,121.62,shithead
Inglorious Basterds,word,fuck,121.63,fuck
Inglorious Basterds,word,fuck,121.68,fuck
Inglorious Basterds,word,goddamn,121.77,goddamn
Inglorious Basterds,word,bitches,121.78,bitch
Inglorious Basterds,word,goddamn,121.87,goddamn
Inglorious Basterds,word,damn,124.72,damn
Inglorious Basterds,word,shit,137.82,shit
Inglorious Basterds,word,ass,138.93,ass
Inglorious Basterds,death,,141.47,
Inglorious Basterds,death,,141.53,
Inglorious Basterds,death,,142.42,
Inglorious Basterds,death,,142.52,
Inglorious Basterds,death,,144.17,
Inglorious Basterds,death,,144.17,
Inglorious Basterds,death,,144.2,
Inglorious Basterds,death,,144.63,
Inglorious Basterds,death,,144.63,
Inglorious Basterds,death,,144.65,
Inglorious Basterds,death,,144.67,
Inglorious Basterds,death,,144.68,
Inglorious Basterds,death,,144.85,
Inglorious Basterds,death,,144.85,
Inglorious Basterds,death,,144.85,
Inglorious Basterds,death,,145.1,
Inglorious Basterds,death,,145.6,
Inglorious Basterds,death,,147.37,
Inglorious Basterds,word,fuck,147.62,fuck
Inglorious Basterds,word,goddamn,148.73,goddamn
Django Unchained,word,goddamn,7.23,goddamn
Django Unchained,death,,7.75,
Django Unchained,word,goddamn,8.37,goddamn
Django Unchained,word,bitch,8.38,bitch
Django Unchained,word,damn,8.65,damn
Django Unchained,word,fucking,8.87,fuck
Django Unchained,word,damn,8.88,damn
Django Unchained,word,n-word ,9.8,n-word 
Django Unchained,word,goddamn,10.07,goddamn
Django Unchained,word,hell,10.53,hell
Django Unchained,death,,12.63,
Django Unchained,word,n-word ,13.57,n-word 
Django Unchained,word,n-word ,14.07,n-word 
Django Unchained,word,hell,14.75,hell
Django Unchained,word,n-word ,14.78,n-word 
Django Unchained,word,ass,19.37,ass
Django Unchained,death,,19.62,
Django Unchained,word,goddamn,20.25,goddamn
Django Unchained,word,n-word ,20.47,n-word 
Django Unchained,word,hell,22.67,hell
Django Unchained,word,n-word ,24.98,n-word 
Django Unchained,word,n-word ,28.55,n-word 
Django Unchained,word,n-word ,28.65,n-word 
Django Unchained,word,n-word ,28.8,n-word 
Django Unchained,word,n-word ,29.38,n-word 
Django Unchained,word,n-word ,29.5,n-word 
Django Unchained,word,n-word ,29.65,n-word 
Django Unchained,word,n-word ,31.07,n-word 
Django Unchained,word,n-word ,31.1,n-word 
Django Unchained,word,damn,33.12,damn
Django Unchained,death,,36.47,
Django Unchained,word,goddamn,36.55,goddamn
Django Unchained,word,bitch,36.57,bitch
Django Unchained,death,,37.45,
Django Unchained,death,,38.03,
Django Unchained,word,bitches,40.92,bitch
Django Unchained,word,n-word ,41.68,n-word 
Django Unchained,word,n-word ,42.02,n-word 
Django Unchained,word,fucking,42.23,fuck
Django Unchained,word,shit,42.23,shit
Django Unchained,word,fucking,42.33,fuck
Django Unchained,word,shit,42.38,shit
Django Unchained,word,goddamn,42.45,goddamn
Django Unchained,word,shit,42.47,shit
Django Unchained,word,goddamn,42.5,goddamn
Django Unchained,word,shit,43.12,shit
Django Unchained,word,fucking,43.22,fuck
Django Unchained,word,fucking,43.25,fuck
Django Unchained,word,fucking,43.27,fuck
Django Unchained,word,fuck,43.28,fuck
Django Unchained,word,bitches,43.42,bitch
Django Unchained,word,n-word ,43.65,n-word 
Django Unchained,word,goddamn,44.3,goddamn
Django Unchained,word,fucking,44.42,fuck
Django Unchained,word,shit,44.55,shit
Django Unchained,word,n-word ,44.58,n-word 
Django Unchained,word,n-word ,44.63,n-word 
Django Unchained,word,n-word ,44.67,n-word 
Django Unchained,word,shit,45.5,shit
Django Unchained,death,,45.78,
Django Unchained,word,hell,47.65,hell
Django Unchained,word,hell,48.3,hell
Django Unchained,word,damn,53.08,damn
Django Unchained,death,,55.07,
Django Unchained,death,,56.58,
Django Unchained,death,,56.62,
Django Unchained,death,,56.63,
Django Unchained,death,,56.65,
Django Unchained,word,n-word ,59.42,n-word 
Django Unchained,word,goddamned,59.65,goddamned
Django Unchained,word,n-word ,59.75,n-word 
Django Unchained,word,fuck,60.5,fuck
Django Unchained,word,fucking,62.22,fuck
Django Unchained,word,n-word ,63.2,n-word 
Django Unchained,word,n-word ,64.78,n-word 
Django Unchained,death,,66.9,
Django Unchained,word,n-word ,70.1,n-word 
Django Unchained,word,n-word ,71.17,n-word 
Django Unchained,word,n-word ,71.2,n-word 
Django Unchained,word,n-word ,71.23,n-word 
Django Unchained,word,n-word ,71.28,n-word 
Django Unchained,word,n-word ,71.35,n-word 
Django Unchained,word,n-word ,71.87,n-word 
Django Unchained,word,n-word ,73.17,n-word 
Django Unchained,word,n-word ,73.23,n-word 
Django Unchained,word,n-word ,73.32,n-word 
Django Unchained,word,n-word ,73.73,n-word 
Django Unchained,word,n-word ,74.0,n-word 
Django Unchained,word,n-word ,74.4,n-word 
Django Unchained,word,goddamn,74.77,goddamn
Django Unchained,word,n-word ,74.83,n-word 
Django Unchained,word,hell,75.67,hell
Django Unchained,word,goddamn,76.2,goddamn
Django Unchained,word,n-word ,76.3,n-word 
Django Unchained,word,n-word ,76.37,n-word 
Django Unchained,word,ass,76.45,ass
Django Unchained,word,goddamn,76.45,goddamn
Django Unchained,word,hell,76.92,hell
Django Unchained,word,n-word ,78.48,n-word 
Django Unchained,word,ass,79.57,ass
Django Unchained,word,goddamn,79.63,goddamn
Django Unchained,word,goddamn,79.77,goddamn
Django Unchained,word,n-word ,79.8,n-word 
Django Unchained,word,n-word ,81.32,n-word 
Django Unchained,word,goddamn,81.68,goddamn
Django Unchained,word,n-word ,82.98,n-word 
Django Unchained,word,n-word ,83.47,n-word 
Django Unchained,word,n-word ,83.52,n-word 
Django Unchained,word,n-word ,83.68,n-word 
Django Unchained,death,,84.38,
Django Unchained,word,n-word ,84.47,n-word 
Django Unchained,word,ass,88.32,ass
Django Unchained,word,n-word ,88.35,n-word 
Django Unchained,word,n-word ,88.75,n-word 
Django Unchained,word,ass,88.97,ass
Django Unchained,word,n-word ,89.13,n-word 
Django Unchained,word,n-word ,89.13,n-word 
Django Unchained,word,n-word ,89.35,n-word 
Django Unchained,word,bastard,89.52,bastard
Django Unchained,word,n-word ,89.62,n-word 
Django Unchained,word,ass,90.03,ass
Django Unchained,word,motherfucker,90.03,motherfucker
Django Unchained,word,goddamn,90.17,goddamn
Django Unchained,word,n-word ,90.32,n-word 
Django Unchained,word,goddamn,90.37,goddamn
Django Unchained,word,n-word ,90.42,n-word 
Django Unchained,word,shit,90.43,shit
Django Unchained,word,ass,90.88,ass
Django Unchained,word,n-word ,91.0,n-word 
Django Unchained,word,n-word ,91.02,n-word 
Django Unchained,word,n-word ,91.17,n-word 
Django Unchained,word,n-word ,91.18,n-word 
Django Unchained,word,ass,92.12,ass
Django Unchained,word,damn,92.23,damn
Django Unchained,word,damn,92.25,damn
Django Unchained,word,shit,92.27,shit
Django Unchained,word,damn,92.33,damn
Django Unchained,word,bitch,92.37,bitch
Django Unchained,word,n-word ,92.53,n-word 
Django Unchained,word,n-word ,92.67,n-word 
Django Unchained,word,ass,92.78,ass
Django Unchained,word,ass,93.22,ass
Django Unchained,word,n-word ,96.73,n-word 
Django Unchained,word,ass,101.02,ass
Django Unchained,word,n-word ,101.48,n-word 
Django Unchained,word,n-word ,101.97,n-word 
Django Unchained,word,n-word ,102.07,n-word 
Django Unchained,word,n-word ,102.32,n-word 
Django Unchained,word,n-word ,102.6,n-word 
Django Unchained,word,n-word ,102.78,n-word 
Django Unchained,word,n-word ,102.83,n-word 
Django Unchained,word,n-word ,103.02,n-word 
Django Unchained,word,n-word ,103.15,n-word 
Django Unchained,word,n-word ,103.2,n-word 
Django Unchained,word,hell,103.83,hell
Django Unchained,word,n-word ,104.23,n-word 
Django Unchained,word,n-word ,104.27,n-word 
Django Unchained,word,ass,104.35,ass
Django Unchained,word,n-word ,104.9,n-word 
Django Unchained,word,bitch,104.97,bitch
Django Unchained,word,n-word ,105.62,n-word 
Django Unchained,word,n-word ,106.12,n-word 
Django Unchained,word,ass,108.38,ass
Django Unchained,word,n-word ,108.48,n-word 
Django Unchained,word,n-word ,108.65,n-word 
Django Unchained,word,n-word ,109.12,n-word 
Django Unchained,word,n-word ,109.18,n-word 
Django Unchained,word,n-word ,109.2,n-word 
Django Unchained,word,goddamn,109.33,goddamn
Django Unchained,word,goddamn,111.33,goddamn
Django Unchained,word,damn,111.53,damn
Django Unchained,word,n-word ,112.08,n-word 
Django Unchained,word,shit,112.08,shit
Django Unchained,word,fucked,112.08,fuck
Django Unchained,word,motherfuckers,113.05,motherfucker
Django Unchained,word,hell,113.22,hell
Django Unchained,word,ass,113.25,ass
Django Unchained,word,n-word ,113.5,n-word 
Django Unchained,word,n-word ,113.97,n-word 
Django Unchained,word,n-word ,114.05,n-word 
Django Unchained,word,fuck,114.15,fuck
Django Unchained,word,bitch,114.18,bitch
Django Unchained,word,goddamn,114.93,goddamn
Django Unchained,word,bitches,115.02,bitch
Django Unchained,word,bitches,115.07,bitch
Django Unchained,word,damn,116.65,damn
Django Unchained,word,goddamn,117.85,goddamn
Django Unchained,word,jackass,120.65,jackass
Django Unchained,word,ass,121.12,ass
Django Unchained,word,goddamn,121.12,goddamn
Django Unchained,word,n-word ,121.37,n-word 
Django Unchained,word,n-word ,121.67,n-word 
Django Unchained,word,n-word ,122.45,n-word 
Django Unchained,word,goddamn,122.6,goddamn
Django Unchained,word,ass,122.63,ass
Django Unchained,word,n-word ,123.42,n-word 
Django Unchained,word,shit,130.07,shit
Django Unchained,word,n-word ,130.38,n-word 
Django Unchained,word,ass,130.45,ass
Django Unchained,death,,131.27,
Django Unchained,death,,131.53,
Django Unchained,death,,131.72,
Django Unchained,death,,131.8,
Django Unchained,death,,131.83,
Django Unchained,death,,131.92,
Django Unchained,death,,132.05,
Django Unchained,death,,132.13,
Django Unchained,death,,132.13,
Django Unchained,death,,132.13,
Django Unchained,word,fucking,132.22,fuck
Django Unchained,word,n-word ,131.73,n-word 
Django Unchained,word,shit,132.1,shit
Django Unchained,word,bitch,132.12,bitch
Django Unchained,word,fucking,132.22,fuck
Django Unchained,word,damn,132.3,damn
Django Unchained,word,bitch,132.32,bitch
Django Unchained,word,fucking,132.35,fuck
Django Unchained,word,damn,132.37,damn
Django Unchained,word,fuck,132.42,fuck
Django Unchained,word,fuck,132.53,fuck
Django Unchained,word,n-word ,132.55,n-word 
Django Unchained,death,,133.08,
Django Unchained,word,n-word ,133.17,n-word 
Django Unchained,word,motherfucker,133.27,motherfucker
Django Unchained,death,,133.38,
Django Unchained,death,,133.38,
Django Unchained,word,shit,133.42,shit
Django Unchained,death,,133.47,
Django Unchained,death,,133.5,
Django Unchained,death,,133.52,
Django Unchained,death,,133.65,
Django Unchained,death,,133.83,
Django Unchained,death,,133.87,
Django Unchained,word,shit,134.4,shit
Django Unchained,word,goddamn,134.77,goddamn
Django Unchained,word,goddamn,135.18,goddamn
Django Unchained,word,horseshit,135.43,horseshit
Django Unchained,word,ass,135.65,ass
Django Unchained,word,goddamn,135.7,goddamn
Django Unchained,word,bitch,135.78,bitch
Django Unchained,word,n-word ,136.2,n-word 
Django Unchained,word,n-word ,138.3,n-word 
Django Unchained,word,ass,140.23,ass
Django Unchained,word,motherfuckers,140.25,motherfucker
Django Unchained,word,ass,140.43,ass
Django Unchained,word,fucking,140.5,fuck
Django Unchained,word,n-word ,140.68,n-word 
Django Unchained,word,shit,140.93,shit
Django Unchained,word,n-word ,140.97,n-word 
Django Unchained,word,shit,141.22,shit
Django Unchained,word,hell,141.25,hell
Django Unchained,word,n-word ,141.27,n-word 
Django Unchained,word,ass,141.52,ass
Django Unchained,word,ass,142.42,ass
Django Unchained,word,n-word ,142.43,n-word 
Django Unchained,word,fuck,143.68,fuck
Django Unchained,word,fuck,144.2,fuck
Django Unchained,word,ass,144.58,ass
Django Unchained,word,bitches,144.77,bitch
Django Unchained,word,goddamn,145.12,goddamn
Django Unchained,word,fucking,145.17,fuck
Django Unchained,word,shit,145.22,shit
Django Unchained,word,ass,145.53,ass
Django Unchained,word,fucking,147.2,fuck
Django Unchained,word,damn,147.23,damn
Django Unchained,word,n-word ,147.48,n-word 
Django Unchained,word,fuck,147.62,fuck
Django Unchained,word,goddamn,148.43,goddamn
Django Unchained,word,n-word ,148.57,n-word 
Django Unchained,word,fucking,149.02,fuck
Django Unchained,death,,149.1,
Django Unchained,death,,149.1,
Django Unchained,death,,149.13,
Django Unchained,word,goddamn,152.23,goddamn
Django Unchained,word,motherfucker,152.35,motherfucker
Django Unchained,death,,152.37,
Django Unchained,death,,152.38,
Django Unchained,death,,152.4,
Django Unchained,death,,152.4,
Django Unchained,death,,152.47,
Django Unchained,death,,152.47,
Django Unchained,death,,152.5,
Django Unchained,death,,156.77,
Django Unchained,word,bitch,157.3,bitch
Django Unchained,death,,157.37,
Django Unchained,death,,157.85,
Django Unchained,word,n-word ,158.62,n-word 
Django Unchained,word,n-word ,158.65,n-word 
Django Unchained,word,shit,158.78,shit
Django Unchained,word,n-word ,158.78,n-word 
Django Unchained,word,motherfucker,158.9,motherfucker
Django Unchained,word,damn,158.92,damn
Django Unchained,word,n-word ,158.98,n-word 
Django Unchained,word,horseshit,159.18,horseshit
Django Unchained,word,n-word ,159.25,n-word 
Django Unchained,word,bitch,159.33,bitch
Django Unchained,word,motherfucker,159.37,motherfucker
Django Unchained,word,n-word ,159.42,n-word 
Django Unchained,word,ass,159.53,ass
Django Unchained,word,n-word ,159.58,n-word 
Django Unchained,word,n-word ,159.65,n-word 
Django Unchained,word,ass,159.7,ass
Django Unchained,word,ass,159.77,ass
Django Unchained,word,n-word ,159.8,n-word 
Django Unchained,word,fucked,159.83,fuck
Django Unchained,word,n-word ,159.88,n-word 
Django Unchained,word,n-word ,160.2,n-word 
Django Unchained,word,ass,160.28,ass
Django Unchained,death,,160.45,
Jackie Brown,word,ass,4.38,ass
Jackie Brown,word,shit,4.53,shit
Jackie Brown,word,shit,4.63,shit
Jackie Brown,word,motherfucker,4.85,motherfucker
Jackie Brown,word,shit,4.95,shit
Jackie Brown,word,shit,5.0,shit
Jackie Brown,word,motherfucker,5.28,motherfucker
Jackie Brown,word,n-word ,5.37,n-word 
Jackie Brown,word,n-word ,5.45,n-word 
Jackie Brown,word,fucking,5.53,fuck
Jackie Brown,word,damn,5.6,damn
Jackie Brown,word,n-word ,5.67,n-word 
Jackie Brown,word,shit,5.7,shit
Jackie Brown,word,n-word ,6.02,n-word 
Jackie Brown,word,motherfucker,6.08,motherfucker
Jackie Brown,word,shit,6.18,shit
Jackie Brown,word,motherfucker,6.37,motherfucker
Jackie Brown,word,ass,6.7,ass
Jackie Brown,word,shit,7.45,shit
Jackie Brown,word,shit,8.35,shit
Jackie Brown,word,n-word ,8.58,n-word 
Jackie Brown,word,n-word ,8.62,n-word 
Jackie Brown,word,n-word ,8.65,n-word 
Jackie Brown,word,motherfucking,8.82,motherfucking
Jackie Brown,word,motherfuckers,9.23,motherfucker
Jackie Brown,word,bitch,9.97,bitch
Jackie Brown,word,fuck,10.08,fuck
Jackie Brown,word,fuck,10.12,fuck
Jackie Brown,word,goddamn,10.2,goddamn
Jackie Brown,word,n-word ,10.2,n-word 
Jackie Brown,word,goddamn,10.25,goddamn
Jackie Brown,word,motherfuckers,10.5,motherfucker
Jackie Brown,word,shit,10.52,shit
Jackie Brown,word,motherfucking,10.53,motherfucking
Jackie Brown,word,fuck,10.58,fuck
Jackie Brown,word,n-word ,12.12,n-word 
Jackie Brown,word,shit,12.82,shit
Jackie Brown,word,fuck,12.82,fuck
Jackie Brown,word,ass,13.1,ass
Jackie Brown,word,fuck,15.63,fuck
Jackie Brown,word,n-word ,15.68,n-word 
Jackie Brown,word,n-word ,15.72,n-word 
Jackie Brown,word,ass,15.98,ass
Jackie Brown,word,motherfucking,16.03,motherfucking
Jackie Brown,word,n-word ,16.1,n-word 
Jackie Brown,word,ass,16.2,ass
Jackie Brown,word,n-word ,16.23,n-word 
Jackie Brown,word,goddamn,16.25,goddamn
Jackie Brown,word,shit,16.28,shit
Jackie Brown,word,ass,16.3,ass
Jackie Brown,word,ass,16.33,ass
Jackie Brown,word,motherfucking,16.35,motherfucking
Jackie Brown,word,n-word ,16.38,n-word 
Jackie Brown,word,motherfucker,16.47,motherfucker
Jackie Brown,word,hell,16.52,hell
Jackie Brown,word,shit,16.55,shit
Jackie Brown,word,ass,16.58,ass
Jackie Brown,word,shit,16.65,shit
Jackie Brown,word,n-word ,16.77,n-word 
Jackie Brown,word,fucking,16.87,fuck
Jackie Brown,word,n-word ,17.12,n-word 
Jackie Brown,word,ass,17.22,ass
Jackie Brown,word,n-word ,17.25,n-word 
Jackie Brown,word,fuck,17.3,fuck
Jackie Brown,word,shit,17.4,shit
Jackie Brown,word,fucking,17.42,fuck
Jackie Brown,word,ass,17.48,ass
Jackie Brown,word,fucking,17.52,fuck
Jackie Brown,word,n-word ,17.82,n-word 
Jackie Brown,word,n-word ,17.82,n-word 
Jackie Brown,word,n-word ,17.85,n-word 
Jackie Brown,word,n-word ,17.9,n-word 
Jackie Brown,word,n-word ,17.95,n-word 
Jackie Brown,word,ass,18.23,ass
Jackie Brown,word,shit,18.38,shit
Jackie Brown,word,n-word ,18.8,n-word 
Jackie Brown,word,shit,19.07,shit
Jackie Brown,word,motherfucker,19.35,motherfucker
Jackie Brown,word,motherfucker,19.45,motherfucker
Jackie Brown,word,fuck,19.47,fuck
Jackie Brown,word,shit,19.47,shit
Jackie Brown,word,fucking,19.58,fuck
Jackie Brown,word,ass,19.62,ass
Jackie Brown,word,goddamn,19.72,goddamn
Jackie Brown,word,goddamn,19.83,goddamn
Jackie Brown,word,goddamn,19.93,goddamn
Jackie Brown,word,ass,19.95,ass
Jackie Brown,word,n-word ,20.05,n-word 
Jackie Brown,word,motherfucker,20.12,motherfucker
Jackie Brown,word,ass,20.17,ass
Jackie Brown,word,goddamn,20.22,goddamn
Jackie Brown,word,ass,20.28,ass
Jackie Brown,word,ass,20.35,ass
Jackie Brown,word,n-word ,20.38,n-word 
Jackie Brown,word,fucking,20.52,fuck
Jackie Brown,word,n-word ,20.57,n-word 
Jackie Brown,word,shit,20.58,shit
Jackie Brown,word,fucking,20.65,fuck
Jackie Brown,word,motherfucker,21.05,motherfucker
Jackie Brown,word,motherfucker,21.12,motherfucker
Jackie Brown,word,goddamn,21.13,goddamn
Jackie Brown,word,motherfucker,21.18,motherfucker
Jackie Brown,word,hell,21.22,hell
Jackie Brown,death,,23.08,
Jackie Brown,word,n-word ,23.07,n-word 
Jackie Brown,word,shit,25.53,shit
Jackie Brown,word,goddamn,26.13,goddamn
Jackie Brown,word,motherfucking,26.37,motherfucking
Jackie Brown,word,ass,26.38,ass
Jackie Brown,word,n-word ,27.07,n-word 
Jackie Brown,word,fuck,27.08,fuck
Jackie Brown,word,n-word ,27.2,n-word 
Jackie Brown,word,n-word ,27.22,n-word 
Jackie Brown,word,n-word ,27.48,n-word 
Jackie Brown,word,shitty,28.67,shitty
Jackie Brown,word,fucking,28.72,fuck
Jackie Brown,word,goddamn,29.05,goddamn
Jackie Brown,word,fucking,29.72,fuck
Jackie Brown,word,fucks,30.63,fuck
Jackie Brown,word,shit,30.63,shit
Jackie Brown,word,shittiest,30.77,shittiest
Jackie Brown,word,fucking,30.78,fuck
Jackie Brown,word,shit,30.8,shit
Jackie Brown,word,fuck,31.97,fuck
Jackie Brown,word,shit,32.13,shit
Jackie Brown,word,shitty,32.4,shitty
Jackie Brown,word,goddamn,32.65,goddamn
Jackie Brown,word,shit,33.47,shit
Jackie Brown,word,shit,33.67,shit
Jackie Brown,word,fucking,36.4,fuck
Jackie Brown,word,shit,36.42,shit
Jackie Brown,word,shit,36.52,shit
Jackie Brown,word,shit,36.97,shit
Jackie Brown,word,shit,37.0,shit
Jackie Brown,word,hell,37.13,hell
Jackie Brown,word,motherfucking,37.15,motherfucking
Jackie Brown,word,ass,37.28,ass
Jackie Brown,word,shit,37.33,shit
Jackie Brown,word,ass,37.37,ass
Jackie Brown,word,shit,37.88,shit
Jackie Brown,word,shit,38.58,shit
Jackie Brown,word,fuck,38.95,fuck
Jackie Brown,word,fucking,38.98,fuck
Jackie Brown,word,shit,39.3,shit
Jackie Brown,word,shit,39.35,shit
Jackie Brown,word,bitch,44.32,bitch
Jackie Brown,word,ass,45.38,ass
Jackie Brown,word,hell,48.1,hell
Jackie Brown,word,ass,48.1,ass
Jackie Brown,word,ass,48.17,ass
Jackie Brown,word,shit,48.35,shit
Jackie Brown,word,damn,48.52,damn
Jackie Brown,word,shit,48.53,shit
Jackie Brown,word,shitload,48.6,shitload
Jackie Brown,word,shitload,50.45,shitload
Jackie Brown,word,dick,50.88,dick
Jackie Brown,word,n-word ,50.97,n-word 
Jackie Brown,word,hell,51.03,hell
Jackie Brown,word,fuck,51.05,fuck
Jackie Brown,word,fuck,51.1,fuck
Jackie Brown,word,ass,51.22,ass
Jackie Brown,word,motherfuckers,51.32,motherfucker
Jackie Brown,word,fuck,51.4,fuck
Jackie Brown,word,damn,51.42,damn
Jackie Brown,word,ass,51.45,ass
Jackie Brown,word,fucking,51.5,fuck
Jackie Brown,word,ass,51.62,ass
Jackie Brown,word,fuck,51.65,fuck
Jackie Brown,word,motherfucking,51.8,motherfucking
Jackie Brown,word,motherfucking,51.97,motherfucking
Jackie Brown,word,motherfucking,53.17,motherfucking
Jackie Brown,word,ass,57.42,ass
Jackie Brown,word,fuck,57.93,fuck
Jackie Brown,word,ass,59.12,ass
Jackie Brown,word,shit,60.2,shit
Jackie Brown,word,shit,61.53,shit
Jackie Brown,word,ass,61.93,ass
Jackie Brown,word,goddamn,62.97,goddamn
Jackie Brown,word,shit,63.07,shit
Jackie Brown,word,shit,63.07,shit
Jackie Brown,word,shit,66.05,shit
Jackie Brown,word,fucking,67.82,fuck
Jackie Brown,word,fuck,67.95,fuck
Jackie Brown,word,damn,69.7,damn
Jackie Brown,word,n-word ,70.02,n-word 
Jackie Brown,word,motherfuckers,70.03,motherfucker
Jackie Brown,word,ass,70.05,ass
Jackie Brown,word,bullshit,70.1,bullshit
Jackie Brown,word,motherfucker,70.12,motherfucker
Jackie Brown,word,damn,70.15,damn
Jackie Brown,word,fuck,70.3,fuck
Jackie Brown,word,goddamn,70.45,goddamn
Jackie Brown,word,fuck,70.8,fuck
Jackie Brown,word,fuck,70.9,fuck
Jackie Brown,word,ass,70.93,ass
Jackie Brown,word,shit,71.2,shit
Jackie Brown,word,fuck,71.23,fuck
Jackie Brown,word,damn,71.67,damn
Jackie Brown,word,fucking,72.6,fuck
Jackie Brown,word,fuck,73.2,fuck
Jackie Brown,word,shit,73.27,shit
Jackie Brown,word,fuck,73.85,fuck
Jackie Brown,word,shit,75.37,shit
Jackie Brown,word,pussy,75.38,pussy
Jackie Brown,word,shit,75.6,shit
Jackie Brown,word,bitch,75.63,bitch
Jackie Brown,word,fucking,75.63,fuck
Jackie Brown,word,fuck,75.7,fuck
Jackie Brown,word,n-word ,75.7,n-word 
Jackie Brown,word,damn,75.73,damn
Jackie Brown,word,fuck,75.77,fuck
Jackie Brown,word,fucked,75.87,fuck
Jackie Brown,word,shit,76.18,shit
Jackie Brown,word,bitches,76.32,bitch
Jackie Brown,word,ass,76.72,ass
Jackie Brown,word,ass,76.92,ass
Jackie Brown,word,bitch,77.05,bitch
Jackie Brown,word,fuck,77.35,fuck
Jackie Brown,word,bitch,77.47,bitch
Jackie Brown,word,ass,79.37,ass
Jackie Brown,word,shit,80.33,shit
Jackie Brown,word,fuck,81.0,fuck
Jackie Brown,word,shit,81.02,shit
Jackie Brown,word,shit,83.92,shit
Jackie Brown,word,shit,88.68,shit
Jackie Brown,word,shit,88.83,shit
Jackie Brown,word,hell,92.38,hell
Jackie Brown,word,hell,92.38,hell
Jackie Brown,word,hell,92.43,hell
Jackie Brown,word,shit,92.52,shit
Jackie Brown,word,shit,92.55,shit
Jackie Brown,word,goddamn,92.57,goddamn
Jackie Brown,word,fuck,92.58,fuck
Jackie Brown,word,ass,92.62,ass
Jackie Brown,word,fucking,92.63,fuck
Jackie Brown,word,fuck,92.65,fuck
Jackie Brown,word,ass,92.7,ass
Jackie Brown,word,shit,92.82,shit
Jackie Brown,word,ass,92.97,ass
Jackie Brown,word,damn,93.03,damn
Jackie Brown,word,shit,94.13,shit
Jackie Brown,word,ass,94.27,ass
Jackie Brown,word,ass,94.77,ass
Jackie Brown,word,damn,94.98,damn
Jackie Brown,word,shit,95.07,shit
Jackie Brown,word,motherfucker,95.08,motherfucker
Jackie Brown,word,motherfucker,95.13,motherfucker
Jackie Brown,word,shit,96.7,shit
Jackie Brown,word,fucking,96.9,fuck
Jackie Brown,word,hell,97.37,hell
Jackie Brown,word,bitch,98.02,bitch
Jackie Brown,word,ass,98.07,ass
Jackie Brown,word,shit,98.15,shit
Jackie Brown,word,motherfucking,98.17,motherfucking
Jackie Brown,word,goddamn,98.23,goddamn
Jackie Brown,word,goddamn,98.45,goddamn
Jackie Brown,word,bitch,98.45,bitch
Jackie Brown,word,fucking,98.47,fuck
Jackie Brown,word,ass,101.37,ass
Jackie Brown,word,fuck,101.92,fuck
Jackie Brown,word,motherfucking,101.98,motherfucking
Jackie Brown,word,bitch,102.07,bitch
Jackie Brown,word,fucking,102.08,fuck
Jackie Brown,word,ass,102.08,ass
Jackie Brown,word,goddamn,102.1,goddamn
Jackie Brown,word,ass,102.32,ass
Jackie Brown,word,fuck,102.33,fuck
Jackie Brown,word,ass,105.27,ass
Jackie Brown,word,fuck,106.32,fuck
Jackie Brown,word,goddamn,109.7,goddamn
Jackie Brown,word,fuck,109.77,fuck
Jackie Brown,word,fucking,109.82,fuck
Jackie Brown,word,shit,109.97,shit
Jackie Brown,word,bitch,110.13,bitch
Jackie Brown,word,fucking,110.15,fuck
Jackie Brown,word,fucking,110.52,fuck
Jackie Brown,word,fuck,111.27,fuck
Jackie Brown,word,fuck,111.83,fuck
Jackie Brown,word,goddamn,111.85,goddamn
Jackie Brown,word,fucking,111.9,fuck
Jackie Brown,word,fuck,111.97,fuck
Jackie Brown,word,fucking,111.98,fuck
Jackie Brown,word,fuck,112.07,fuck
Jackie Brown,word,fuck,112.35,fuck
Jackie Brown,word,fucking,113.18,fuck
Jackie Brown,death,,113.28,
Jackie Brown,word,bitch,114.98,bitch
Jackie Brown,word,fucking,115.0,fuck
Jackie Brown,word,fuck,116.07,fuck
Jackie Brown,word,fucking,120.22,fuck
Jackie Brown,word,fucking,120.35,fuck
Jackie Brown,word,fucking,120.85,fuck
Jackie Brown,word,bitch,121.1,bitch
Jackie Brown,word,fucking,121.87,fuck
Jackie Brown,word,fucking,121.92,fuck
Jackie Brown,word,ass,122.08,ass
Jackie Brown,word,fuck,122.12,fuck
Jackie Brown,word,fuck,122.15,fuck
Jackie Brown,word,fuck,122.17,fuck
Jackie Brown,word,fucking,121.2,fuck
Jackie Brown,word,shit,122.28,shit
Jackie Brown,word,bitch,123.32,bitch
Jackie Brown,word,shit,123.63,shit
Jackie Brown,word,motherfucker,124.57,motherfucker
Jackie Brown,word,hell,124.65,hell
Jackie Brown,word,ass,124.68,ass
Jackie Brown,word,motherfuckers,124.75,motherfucker
Jackie Brown,word,fucking,124.83,fuck
Jackie Brown,word,fucking,124.85,fuck
Jackie Brown,word,fucking,124.88,fuck
Jackie Brown,word,fucking,124.9,fuck
Jackie Brown,word,goddamn,124.97,goddamn
Jackie Brown,word,motherfucker,125.07,motherfucker
Jackie Brown,word,ass,125.1,ass
Jackie Brown,word,shit,125.12,shit
Jackie Brown,word,fucking,125.15,fuck
Jackie Brown,word,fuck,125.33,fuck
Jackie Brown,word,ass,125.37,ass
Jackie Brown,death,,125.43,
Jackie Brown,word,shit,126.42,shit
Jackie Brown,word,fucking,126.62,fuck
Jackie Brown,word,fucking,127.07,fuck
Jackie Brown,word,fucking,127.42,fuck
Jackie Brown,word,fucking,128.38,fuck
Jackie Brown,word,motherfucking,128.42,motherfucking
Jackie Brown,word,motherfucker,128.47,motherfucker
Jackie Brown,word,fuck,129.17,fuck
Jackie Brown,word,fucking,129.57,fuck
Jackie Brown,word,goddamn,130.9,goddamn
Jackie Brown,word,motherfucking,130.92,motherfucking
Jackie Brown,word,motherfucking,131.0,motherfucking
Jackie Brown,word,motherfucker,131.08,motherfucker
Jackie Brown,word,motherfucker,131.18,motherfucker
Jackie Brown,word,shit,131.22,shit
Jackie Brown,word,n-word ,131.25,n-word 
Jackie Brown,word,motherfucker,131.28,motherfucker
Jackie Brown,word,goddamn,131.35,goddamn
Jackie Brown,word,motherfucker,131.38,motherfucker
Jackie Brown,word,shit,131.4,shit
Jackie Brown,word,goddamn,131.45,goddamn
Jackie Brown,word,shit,131.57,shit
Jackie Brown,word,n-word ,131.8,n-word 
Jackie Brown,word,motherfucking,132.78,motherfucking
Jackie Brown,word,ass,133.05,ass
Jackie Brown,word,motherfucking,133.13,motherfucking
Jackie Brown,word,fuck,134.0,fuck
Jackie Brown,word,goddamn,134.02,goddamn
Jackie Brown,word,fucking,134.07,fuck
Jackie Brown,word,ass,134.18,ass
Jackie Brown,word,motherfucker,134.33,motherfucker
Jackie Brown,word,motherfucker,134.5,motherfucker
Jackie Brown,word,n-word ,134.78,n-word 
Jackie Brown,word,shit,135.0,shit
Jackie Brown,word,ass,135.67,ass
Jackie Brown,word,dumbass,135.72,dumbass
Jackie Brown,word,bullshit,136.72,bullshit
Jackie Brown,word,fucking,136.9,fuck
Jackie Brown,word,ass,137.13,ass
Jackie Brown,word,n-word ,137.13,n-word 
Jackie Brown,word,goddamn,138.2,goddamn
Jackie Brown,word,bullshit,141.03,bullshit
Jackie Brown,word,bitch,141.2,bitch
Jackie Brown,word,goddamn,141.23,goddamn
Jackie Brown,word,motherfucker,141.35,motherfucker
Jackie Brown,word,n-word ,141.5,n-word 
Jackie Brown,word,motherfucker,141.55,motherfucker
Jackie Brown,word,motherfucker,141.8,motherfucker
Jackie Brown,word,motherfucker,141.93,motherfucker
Jackie Brown,word,ass,142.43,ass
Jackie Brown,word,fucking,142.47,fuck
Jackie Brown,word,goddamn,142.97,goddamn
Jackie Brown,death,,143.13,
